Opened,Closed,Symbol,Exp,Type,Legs,Quantity,Status,P/L,Risk,ROR,Premium,Reward/Risk,Open Price,Open Bid Price,Open Ask Price,Close Price,Close Bid Price,Close Ask Price,Max Loss,Max Profit,Price at Open,Price at Close
"Mar 24, 2023 10:00am","Mar 24, 2023 4:00pm","SPX","Invalid date","ironbutterfly","long put 3,940 / short put 3,950 / short call 3,950 / long call 3,960","1","expired","-95","95","-100","905","952.63","9.05","8.5","9.6","10","","","95","905","3930.95","3970.99"
"Mar 27, 2023 10:00am","Mar 27, 2023 4:00pm","SPX","Invalid date","ironbutterfly","long put 3,960 / short put 3,970 / short call 3,970 / long call 3,980","1","expired","192","55","349.09","945","1718.18","9.45","8.8","10.1","7.53","","","55","945","3995.29","3977.53"
"Mar 30, 2023 10:00am","Mar 30, 2023 4:00pm","SPX","Invalid date","ironbutterfly","long put 4,020 / short put 4,030 / short call 4,030 / long call 4,040","1","expired","-68","68","-100","932","1370.59","9.32","8.7","9.95","10","","","68","932","4055.57","4050.83"
"Mar 31, 2023 10:00am","Mar 31, 2023 4:00pm","SPX","Invalid date","ironbutterfly","long put 4,040 / short put 4,050 / short call 4,050 / long call 4,060","1","expired","-60","60","-100","940","1566.67","9.4","8.5","10.3","10","","","60","940","4070.07","4109.31"
"Apr 4, 2023 10:00am","Apr 4, 2023 4:00pm","SPX","Invalid date","ironbutterfly","long put 4,115 / short put 4,125 / short call 4,125 / long call 4,135","1","expired","-190","190","-100","810","426.32","8.1","7.4","8.8","10","","","190","810","4124.31","4100.6"
"Apr 5, 2023 10:00am","Apr 5, 2023 4:00pm","SPX","Invalid date","ironbutterfly","long put 4,090 / short put 4,100 / short call 4,100 / long call 4,110","1","expired","-137","175","-78.29","825","471.43","8.25","7.3","9.2","9.62","","","175","825","4097.51","4090.38"
"Apr 6, 2023 10:00am","Apr 6, 2023 4:00pm","SPX","Invalid date","ironbutterfly","long put 4,080 / short put 4,090 / short call 4,090 / long call 4,100","1","expired","-135","135","-100","865","640.74","8.65","8.1","9.2","10","","","135","865","4074.2","4105.02"
"Apr 10, 2023 10:00am","Apr 10, 2023 4:00pm","SPX","Invalid date","ironbutterfly","long put 4,095 / short put 4,105 / short call 4,105 / long call 4,115","1","expired","499","90","554.44","910","1011.11","9.1","8.4","9.8","4.11","","","90","910","4074.28","4109.11"
"Apr 11, 2023 10:00am","Apr 11, 2023 4:00pm","SPX","Invalid date","ironbutterfly","long put 4,100 / short put 4,110 / short call 4,110 / long call 4,120","1","expired","704","190","370.53","810","426.32","8.1","7.8","8.4","1.06","","","190","810","4108.13","4108.94"
"Apr 12, 2023 10:00am","Apr 12, 2023 4:00pm","SPX","Invalid date","ironbutterfly","long put 4,100 / short put 4,110 / short call 4,110 / long call 4,120","1","expired","-125","125","-100","875","700","8.75","8.4","9.1","10","","","125","875","4120.47","4091.95"
"Apr 13, 2023 10:00am","Apr 13, 2023 4:00pm","SPX","Invalid date","ironbutterfly","long put 4,080 / short put 4,090 / short call 4,090 / long call 4,100","1","expired","-128","128","-100","872","681.25","8.72","8.4","9.05","10","","","128","872","4102.82","4146.22"
"Apr 17, 2023 10:00am","Apr 17, 2023 4:00pm","SPX","Invalid date","ironbutterfly","long put 4,130 / short put 4,140 / short call 4,140 / long call 4,150","1","expired","-190","190","-100","810","426.32","8.1","7.7","8.5","10","","","190","810","4138.74","4151.32"
"Apr 18, 2023 10:00am","Apr 18, 2023 4:00pm","SPX","Invalid date","ironbutterfly","long put 4,140 / short put 4,150 / short call 4,150 / long call 4,160","1","expired","350","163","214.72","837","513.5","8.37","8.05","8.7","4.87","","","163","837","4158.65","4154.87"
"Apr 19, 2023 10:00am","Apr 19, 2023 4:00pm","SPX","Invalid date","ironbutterfly","long put 4,145 / short put 4,155 / short call 4,155 / long call 4,165","1","expired","832","120","693.33","880","733.33","8.8","8.3","9.3","0.48","","","120","880","4135.34","4154.52"
"Apr 21, 2023 10:00am","Apr 21, 2023 4:00pm","SPX","Invalid date","ironbutterfly","long put 4,120 / short put 4,130 / short call 4,130 / long call 4,140","1","expired","476","172","276.74","828","481.4","8.28","8.05","8.5","3.52","","","172","828","4121.42","4133.52"
"Apr 24, 2023 10:00am","Apr 24, 2023 4:00pm","SPX","Invalid date","ironbutterfly","long put 4,125 / short put 4,135 / short call 4,135 / long call 4,145","1","expired","621","175","354.86","825","471.43","8.25","7.9","8.6","2.04","","","175","825","4139.04","4137.04"
"Apr 25, 2023 10:00am","Apr 25, 2023 4:00pm","SPX","Invalid date","ironbutterfly","long put 4,125 / short put 4,135 / short call 4,135 / long call 4,145","1","expired","-125","125","-100","875","700","8.75","7.8","9.7","10","","","125","875","4114.01","4071.63"
"Apr 26, 2023 10:00am","Apr 26, 2023 4:00pm","SPX","Invalid date","ironbutterfly","long put 4,060 / short put 4,070 / short call 4,070 / long call 4,080","1","expired","-145","145","-100","855","589.66","8.55","8.2","8.9","10","","","145","855","4080.12","4055.99"
"May 1, 2023 10:00am","May 1, 2023 4:00pm","SPX","Invalid date","ironbutterfly","long put 4,160 / short put 4,170 / short call 4,170 / long call 4,180","1","expired","597","190","314.21","810","426.32","8.1","7.6","8.6","2.13","","","190","810","4174.94","4167.87"
"May 4, 2023 10:00am","May 4, 2023 4:00pm","SPX","Invalid date","ironbutterfly","long put 4,080 / short put 4,090 / short call 4,090 / long call 4,100","1","expired","-103","103","-100","897","870.87","8.97","8.55","9.4","10","","","103","897","4067.03","4061.22"
"May 8, 2023 10:00am","May 8, 2023 4:00pm","SPX","Invalid date","ironbutterfly","long put 4,125 / short put 4,135 / short call 4,135 / long call 4,145","1","expired","488","200","244","800","400","8","7.6","8.4","3.12","","","200","800","4132.37","4138.12"
"May 9, 2023 10:00am","May 9, 2023 4:00pm","SPX","Invalid date","ironbutterfly","long put 4,130 / short put 4,140 / short call 4,140 / long call 4,150","1","expired","-181","181","-100","819","452.49","8.19","7.8","8.6","10","","","181","819","4125.68","4119.17"
"May 10, 2023 10:00am","May 10, 2023 4:00pm","SPX","Invalid date","ironbutterfly","long put 4,110 / short put 4,120 / short call 4,120 / long call 4,130","1","expired","-110","110","-100","890","809.09","8.9","8.5","9.3","10","","","110","890","4135.2","4137.64"
"May 11, 2023 10:00am","May 11, 2023 4:00pm","SPX","Invalid date","ironbutterfly","long put 4,130 / short put 4,140 / short call 4,140 / long call 4,150","1","expired","-26","88","-29.55","912","1036.36","9.12","8.5","9.75","9.38","","","88","912","4112.42","4130.62"
"May 15, 2023 10:00am","May 15, 2023 4:00pm","SPX","Invalid date","ironbutterfly","long put 4,115 / short put 4,125 / short call 4,125 / long call 4,135","1","expired","-185","185","-100","815","440.54","8.15","7.85","8.45","10","","","185","815","4115.38","4136.28"
"May 16, 2023 10:00am","May 16, 2023 4:00pm","SPX","Invalid date","ironbutterfly","long put 4,125 / short put 4,135 / short call 4,135 / long call 4,145","1","expired","-193","193","-100","807","418.13","8.07","7.6","8.55","10","","","193","807","4123.57","4109.9"
"May 17, 2023 10:00am","May 17, 2023 4:00pm","SPX","Invalid date","ironbutterfly","long put 4,100 / short put 4,110 / short call 4,110 / long call 4,120","1","expired","-180","180","-100","820","455.56","8.2","7.9","8.5","10","","","180","820","4114.57","4158.77"
"May 18, 2023 10:00am","May 18, 2023 4:00pm","SPX","Invalid date","ironbutterfly","long put 4,150 / short put 4,160 / short call 4,160 / long call 4,170","1","expired","-195","195","-100","805","412.82","8.05","7.6","8.5","10","","","195","805","4157.29","4198.05"
"May 19, 2023 10:00am","May 19, 2023 4:00pm","SPX","Invalid date","ironbutterfly","long put 4,190 / short put 4,200 / short call 4,200 / long call 4,210","1","expired","73","125","58.4","875","700","8.75","8.4","9.1","8.02","","","125","875","4211.47","4191.98"
"May 22, 2023 10:00am","May 22, 2023 4:00pm","SPX","Invalid date","ironbutterfly","long put 4,180 / short put 4,190 / short call 4,190 / long call 4,200","1","expired","592","145","408.28","855","589.66","8.55","8.2","8.9","2.63","","","145","855","4195.54","4192.63"
"May 23, 2023 10:00am","May 23, 2023 4:00pm","SPX","Invalid date","ironbutterfly","long put 4,185 / short put 4,195 / short call 4,195 / long call 4,205","1","expired","-160","160","-100","840","525","8.4","7.55","9.25","10","","","160","840","4182","4145.58"
"May 24, 2023 10:00am","May 24, 2023 4:00pm","SPX","Invalid date","ironbutterfly","long put 4,135 / short put 4,145 / short call 4,145 / long call 4,155","1","expired","-105","105","-100","895","852.38","8.95","8.45","9.45","10","","","105","895","4115.48","4115.24"
"May 30, 2023 10:00am","May 30, 2023 4:00pm","SPX","Invalid date","ironbutterfly","long put 4,195 / short put 4,205 / short call 4,205 / long call 4,215","1","expired","823","125","658.4","875","700","8.75","8.05","9.45","0.52","","","125","875","4218.42","4205.52"
"May 31, 2023 10:00am","May 31, 2023 4:00pm","SPX","Invalid date","ironbutterfly","long put 4,195 / short put 4,205 / short call 4,205 / long call 4,215","1","expired","-127","127","-100","873","687.4","8.73","7.75","9.7","10","","","127","873","4184.71","4179.83"
"Jun 1, 2023 10:00am","Jun 1, 2023 4:00pm","SPX","Invalid date","ironbutterfly","long put 4,170 / short put 4,180 / short call 4,180 / long call 4,190","1","expired","-145","145","-100","855","589.66","8.55","7.6","9.5","10","","","145","855","4175.14","4221.02"
"Jun 2, 2023 10:00am","Jun 2, 2023 4:00pm","SPX","Invalid date","ironbutterfly","long put 4,210 / short put 4,220 / short call 4,220 / long call 4,230","1","expired","-88","88","-100","912","1036.36","9.12","8.45","9.8","10","","","88","912","4246.49","4282.37"
"Jun 6, 2023 10:00am","Jun 6, 2023 4:00pm","SPX","Invalid date","ironbutterfly","long put 4,265 / short put 4,275 / short call 4,275 / long call 4,285","1","expired","-88","203","-43.35","797","392.61","7.97","7.75","8.2","8.85","","","203","797","4268.82","4283.85"
"Jun 7, 2023 10:00am","Jun 7, 2023 4:00pm","SPX","Invalid date","ironbutterfly","long put 4,275 / short put 4,285 / short call 4,285 / long call 4,295","1","expired","-170","170","-100","830","488.24","8.3","7.95","8.65","10","","","170","830","4295.33","4267.52"
"Jun 8, 2023 10:00am","Jun 8, 2023 4:00pm","SPX","Invalid date","ironbutterfly","long put 4,260 / short put 4,270 / short call 4,270 / long call 4,280","1","expired","-215","215","-100","785","365.12","7.85","7.5","8.2","10","","","215","785","4266.75","4293.93"
"Jun 9, 2023 10:00am","Jun 9, 2023 4:00pm","SPX","Invalid date","ironbutterfly","long put 4,285 / short put 4,295 / short call 4,295 / long call 4,305","1","expired","483","131","368.7","869","663.36","8.69","8.35","9.05","3.86","","","131","869","4311.96","4298.86"
"Jun 12, 2023 10:00am","Jun 12, 2023 4:00pm","SPX","Invalid date","ironbutterfly","long put 4,290 / short put 4,300 / short call 4,300 / long call 4,310","1","expired","-153","153","-100","847","553.59","8.47","7.95","9","10","","","153","847","4312.12","4338.93"
"Jun 13, 2023 10:00am","Jun 13, 2023 4:00pm","SPX","Invalid date","ironbutterfly","long put 4,330 / short put 4,340 / short call 4,340 / long call 4,350","1","expired","-105","105","-100","895","852.38","8.95","8.45","9.45","10","","","105","895","4359.14","4369.01"
"Jun 14, 2023 10:00am","Jun 14, 2023 4:00pm","SPX","Invalid date","ironbutterfly","long put 4,360 / short put 4,370 / short call 4,370 / long call 4,380","1","expired","641","100","641","900","900","9","8.8","9.2","2.59","","","100","900","4376.23","4372.59"
"Jun 15, 2023 10:00am","Jun 15, 2023 4:00pm","SPX","Invalid date","ironbutterfly","long put 4,365 / short put 4,375 / short call 4,375 / long call 4,385","1","expired","-127","127","-100","873","687.4","8.73","8.4","9.05","10","","","127","873","4388.31","4425.84"
"Jun 20, 2023 10:00am","Jun 20, 2023 4:00pm","SPX","Invalid date","ironbutterfly","long put 4,400 / short put 4,410 / short call 4,410 / long call 4,420","1","expired","-120","120","-100","880","733.33","8.8","8.4","9.2","10","","","120","880","4389.69","4388.71"
"Jun 21, 2023 10:00am","Jun 21, 2023 4:00pm","SPX","Invalid date","ironbutterfly","long put 4,380 / short put 4,390 / short call 4,390 / long call 4,400","1","expired","-107","107","-100","893","834.58","8.93","8.3","9.55","10","","","107","893","4368.33","4365.69"
"Jun 22, 2023 10:00am","Jun 22, 2023 4:00pm","SPX","Invalid date","ironbutterfly","long put 4,355 / short put 4,365 / short call 4,365 / long call 4,375","1","expired","-190","190","-100","810","426.32","8.1","7.7","8.5","10","","","190","810","4363.85","4381.89"
"Jun 23, 2023 10:00am","Jun 23, 2023 4:00pm","SPX","Invalid date","ironbutterfly","long put 4,370 / short put 4,380 / short call 4,380 / long call 4,390","1","expired","-68","68","-100","932","1370.59","9.32","8.6","10.05","10","","","68","932","4349.66","4348.33"
"Jun 26, 2023 10:00am","Jun 26, 2023 4:00pm","SPX","Invalid date","ironbutterfly","long put 4,340 / short put 4,350 / short call 4,350 / long call 4,360","1","expired","-175","175","-100","825","471.43","8.25","7.95","8.55","10","","","175","825","4359.53","4328.82"
"Jun 28, 2023 10:00am","Jun 28, 2023 4:00pm","SPX","Invalid date","ironbutterfly","long put 4,370 / short put 4,380 / short call 4,380 / long call 4,390","1","expired","524","162","323.46","838","517.28","8.38","7.95","8.8","3.14","","","162","838","4367.95","4376.86"
"Jun 29, 2023 10:00am","Jun 29, 2023 4:00pm","SPX","Invalid date","ironbutterfly","long put 4,365 / short put 4,375 / short call 4,375 / long call 4,385","1","expired","-175","175","-100","825","471.43","8.25","7.8","8.7","10","","","175","825","4382.79","4396.44"
"Jul 5, 2023 10:00am","Jul 5, 2023 4:00pm","SPX","Invalid date","ironbutterfly","long put 4,445 / short put 4,455 / short call 4,455 / long call 4,465","1","expired","-30","212","-14.15","788","371.7","7.88","7.55","8.2","8.18","","","212","788","4447.99","4446.82"
"Jul 7, 2023 10:00am","Jul 7, 2023 4:00pm","SPX","Invalid date","ironbutterfly","long put 4,400 / short put 4,410 / short call 4,410 / long call 4,420","1","expired","-193","193","-100","807","418.13","8.07","7.8","8.35","10","","","193","807","4415.48","4398.95"
"Jul 10, 2023 10:00am","Jul 10, 2023 4:00pm","SPX","Invalid date","ironbutterfly","long put 4,390 / short put 4,400 / short call 4,400 / long call 4,410","1","expired","-153","200","-76.5","800","400","8","7.6","8.4","9.53","","","200","800","4405.28","4409.53"
"Jul 11, 2023 10:00am","Jul 11, 2023 4:00pm","SPX","Invalid date","ironbutterfly","long put 4,400 / short put 4,410 / short call 4,410 / long call 4,420","1","expired","-193","193","-100","807","418.13","8.07","7.8","8.35","10","","","193","807","4417.55","4439.26"
"Jul 13, 2023 10:00am","Jul 13, 2023 4:00pm","SPX","Invalid date","ironbutterfly","long put 4,460 / short put 4,470 / short call 4,470 / long call 4,480","1","expired","-61","61","-100","939","1539.34","9.39","9","9.8","10","","","61","939","4498.09","4510.04"
"Jul 14, 2023 10:00am","Jul 14, 2023 4:00pm","SPX","Invalid date","ironbutterfly","long put 4,500 / short put 4,510 / short call 4,510 / long call 4,520","1","expired","415","127","326.77","873","687.4","8.73","7.85","9.6","4.58","","","127","873","4524.29","4505.42"
"Jul 17, 2023 10:00am","Jul 17, 2023 4:00pm","SPX","Invalid date","ironbutterfly","long put 4,495 / short put 4,505 / short call 4,505 / long call 4,515","1","expired","-210","210","-100","790","376.19","7.9","7.6","8.2","10","","","210","790","4509.91","4522.79"
"Jul 18, 2023 10:00am","Jul 18, 2023 4:00pm","SPX","Invalid date","ironbutterfly","long put 4,515 / short put 4,525 / short call 4,525 / long call 4,535","1","expired","-225","225","-100","775","344.44","7.75","7.35","8.15","10","","","225","775","4529.72","4554.98"
"Jul 19, 2023 10:00am","Jul 19, 2023 4:00pm","SPX","Invalid date","ironbutterfly","long put 4,545 / short put 4,555 / short call 4,555 / long call 4,565","1","expired","-116","116","-100","884","762.07","8.84","8.5","9.2","10","","","116","884","4574.68","4565.72"
"Jul 20, 2023 10:00am","Jul 20, 2023 4:00pm","SPX","Invalid date","ironbutterfly","long put 4,555 / short put 4,565 / short call 4,565 / long call 4,575","1","expired","-190","190","-100","810","426.32","8.1","7.6","8.6","10","","","190","810","4561.41","4534.87"
"Jul 21, 2023 10:00am","Jul 21, 2023 4:00pm","SPX","Invalid date","ironbutterfly","long put 4,525 / short put 4,535 / short call 4,535 / long call 4,545","1","expired","691","175","394.86","825","471.43","8.25","7.9","8.6","1.34","","","175","825","4541.76","4536.34"
"Jul 24, 2023 10:00am","Jul 24, 2023 4:00pm","SPX","Invalid date","ironbutterfly","long put 4,525 / short put 4,535 / short call 4,535 / long call 4,545","1","expired","-170","170","-100","830","488.24","8.3","8.05","8.55","10","","","170","830","4545.48","4554.64"
"Jul 25, 2023 10:00am","Jul 25, 2023 4:00pm","SPX","Invalid date","ironbutterfly","long put 4,545 / short put 4,555 / short call 4,555 / long call 4,565","1","expired","-205","205","-100","795","387.8","7.95","7.6","8.3","10","","","205","795","4562.5","4567.46"
"Jul 26, 2023 10:00am","Jul 26, 2023 4:00pm","SPX","Invalid date","ironbutterfly","long put 4,555 / short put 4,565 / short call 4,565 / long call 4,575","1","expired","720","105","685.71","895","852.38","8.95","8.4","9.5","1.75","","","105","895","4561.33","4566.75"
"Jul 31, 2023 10:00am","Jul 31, 2023 4:00pm","SPX","Invalid date","ironbutterfly","long put 4,570 / short put 4,580 / short call 4,580 / long call 4,590","1","expired","-91","195","-46.67","805","412.82","8.05","7.8","8.3","8.96","","","195","805","4583.19","4588.96"
"Aug 2, 2023 10:00am","Aug 2, 2023 4:00pm","SPX","Invalid date","ironbutterfly","long put 4,565 / short put 4,575 / short call 4,575 / long call 4,585","1","expired","-62","62","-100","938","1512.9","9.38","8.85","9.9","10","","","62","938","4541.86","4513.39"
"Aug 4, 2023 10:00am","Aug 4, 2023 4:00pm","SPX","Invalid date","ironbutterfly","long put 4,490 / short put 4,500 / short call 4,500 / long call 4,510","1","expired","-132","132","-100","868","657.58","8.68","8.3","9.05","10","","","132","868","4514.64","4478.03"
"Aug 7, 2023 10:00am","Aug 7, 2023 4:00pm","SPX","Invalid date","ironbutterfly","long put 4,470 / short put 4,480 / short call 4,480 / long call 4,490","1","expired","-105","105","-100","895","852.38","8.95","8.5","9.4","10","","","105","895","4496","4518.44"
"Aug 8, 2023 10:00am","Aug 8, 2023 4:00pm","SPX","Invalid date","ironbutterfly","long put 4,510 / short put 4,520 / short call 4,520 / long call 4,530","1","expired","-51","51","-100","949","1860.78","9.49","8.8","10.2","10","","","51","949","4476.73","4499.38"
"Aug 9, 2023 10:00am","Aug 9, 2023 4:00pm","SPX","Invalid date","ironbutterfly","long put 4,490 / short put 4,500 / short call 4,500 / long call 4,510","1","expired","-170","170","-100","830","488.24","8.3","8","8.6","10","","","170","830","4494.22","4467.71"
"Aug 14, 2023 10:00am","Aug 14, 2023 4:00pm","SPX","Invalid date","ironbutterfly","long put 4,455 / short put 4,465 / short call 4,465 / long call 4,475","1","expired","-170","170","-100","830","488.24","8.3","8","8.6","10","","","170","830","4461.44","4489.72"
"Aug 15, 2023 10:00am","Aug 15, 2023 4:00pm","SPX","Invalid date","ironbutterfly","long put 4,480 / short put 4,490 / short call 4,490 / long call 4,500","1","expired","-92","92","-100","908","986.96","9.08","8.6","9.55","10","","","92","908","4462.08","4437.86"
"Aug 16, 2023 10:00am","Aug 16, 2023 4:00pm","SPX","Invalid date","ironbutterfly","long put 4,430 / short put 4,440 / short call 4,440 / long call 4,450","1","expired","-145","145","-100","855","589.66","8.55","8.3","8.8","10","","","145","855","4443.43","4404.33"
"Aug 17, 2023 10:00am","Aug 17, 2023 4:00pm","SPX","Invalid date","ironbutterfly","long put 4,395 / short put 4,405 / short call 4,405 / long call 4,415","1","expired","-155","155","-100","845","545.16","8.45","8.1","8.8","10","","","155","845","4410.92","4370.36"
"Aug 18, 2023 10:00am","Aug 18, 2023 4:00pm","SPX","Invalid date","ironbutterfly","long put 4,360 / short put 4,370 / short call 4,370 / long call 4,380","1","expired","858","113","759.29","887","784.96","8.87","8.5","9.25","0.29","","","113","887","4348.86","4369.71"
"Aug 21, 2023 10:00am","Aug 21, 2023 4:00pm","SPX","Invalid date","ironbutterfly","long put 4,360 / short put 4,370 / short call 4,370 / long call 4,380","1","expired","-85","85","-100","915","1076.47","9.15","8.7","9.6","10","","","85","915","4394.48","4399.77"
"Aug 24, 2023 10:00am","Aug 24, 2023 4:00pm","SPX","Invalid date","ironbutterfly","long put 4,425 / short put 4,435 / short call 4,435 / long call 4,445","1","expired","-98","98","-100","902","920.41","9.02","8.6","9.45","10","","","98","902","4455.6","4376.31"
"Aug 28, 2023 10:00am","Aug 28, 2023 4:00pm","SPX","Invalid date","ironbutterfly","long put 4,395 / short put 4,405 / short call 4,405 / long call 4,415","1","expired","-71","71","-100","929","1308.45","9.29","8.8","9.8","10","","","71","929","4432.1","4433.31"
"Aug 30, 2023 10:00am","Aug 30, 2023 4:00pm","SPX","Invalid date","ironbutterfly","long put 4,490 / short put 4,500 / short call 4,500 / long call 4,510","1","expired","-115","115","-100","885","769.57","8.85","8.25","9.45","10","","","115","885","4517.68","4514.87"
"Aug 31, 2023 10:00am","Aug 31, 2023 4:00pm","SPX","Invalid date","ironbutterfly","long put 4,505 / short put 4,515 / short call 4,515 / long call 4,525","1","expired","139","127","109.45","873","687.4","8.73","8.45","9","7.34","","","127","873","4528.54","4507.66"
"Sep 1, 2023 10:00am","Sep 1, 2023 4:00pm","SPX","Invalid date","ironbutterfly","long put 4,500 / short put 4,510 / short call 4,510 / long call 4,520","1","expired","290","133","218.05","867","651.88","8.67","7.95","9.4","5.77","","","133","867","4527.4","4515.77"
"Sep 5, 2023 10:00am","Sep 5, 2023 4:00pm","SPX","Invalid date","ironbutterfly","long put 4,505 / short put 4,515 / short call 4,515 / long call 4,525","1","expired","-150","150","-100","850","566.67","8.5","7.9","9.1","10","","","150","850","4499.45","4496.83"
"Sep 6, 2023 10:00am","Sep 6, 2023 4:00pm","SPX","Invalid date","ironbutterfly","long put 4,485 / short put 4,495 / short call 4,495 / long call 4,505","1","expired","-175","175","-100","825","471.43","8.25","7.75","8.75","10","","","175","825","4482.68","4465.48"
"Sep 7, 2023 10:00am","Sep 7, 2023 4:00pm","SPX","Invalid date","ironbutterfly","long put 4,455 / short put 4,465 / short call 4,465 / long call 4,475","1","expired","-98","98","-100","902","920.41","9.02","8.5","9.55","10","","","98","902","4437.5","4451.14"
"Sep 8, 2023 10:00am","Sep 8, 2023 4:00pm","SPX","Invalid date","ironbutterfly","long put 4,440 / short put 4,450 / short call 4,450 / long call 4,460","1","expired","91","160","56.88","840","525","8.4","8","8.8","7.49","","","160","840","4460.81","4457.49"
"Sep 11, 2023 10:00am","Sep 11, 2023 4:00pm","SPX","Invalid date","ironbutterfly","long put 4,445 / short put 4,455 / short call 4,455 / long call 4,465","1","expired","-108","108","-100","892","825.93","8.92","8.55","9.3","10","","","108","892","4472.7","4487.46"
"Sep 12, 2023 10:00am","Sep 12, 2023 4:00pm","SPX","Invalid date","ironbutterfly","long put 4,475 / short put 4,485 / short call 4,485 / long call 4,495","1","expired","-215","215","-100","785","365.12","7.85","7.6","8.1","10","","","215","785","4479.12","4461.9"
"Sep 13, 2023 10:00am","Sep 13, 2023 4:00pm","SPX","Invalid date","ironbutterfly","long put 4,450 / short put 4,460 / short call 4,460 / long call 4,470","1","expired","101","155","65.16","845","545.16","8.45","8.1","8.8","7.44","","","155","845","4472.48","4467.44"
"Sep 14, 2023 10:00am","Sep 14, 2023 4:00pm","SPX","Invalid date","ironbutterfly","long put 4,455 / short put 4,465 / short call 4,465 / long call 4,475","1","expired","-73","73","-100","927","1269.86","9.27","8.7","9.85","10","","","73","927","4490.23","4505.1"
"Sep 18, 2023 10:00am","Sep 18, 2023 4:00pm","SPX","Invalid date","ironbutterfly","long put 4,440 / short put 4,450 / short call 4,450 / long call 4,460","1","expired","447","200","223.5","800","400","8","7.7","8.3","3.53","","","200","800","4446.95","4453.53"
"Sep 19, 2023 10:00am","Sep 19, 2023 4:00pm","SPX","Invalid date","ironbutterfly","long put 4,445 / short put 4,455 / short call 4,455 / long call 4,465","1","expired","-150","150","-100","850","566.67","8.5","8.2","8.8","10","","","150","850","4438.86","4443.95"
"Sep 20, 2023 10:00am","Sep 20, 2023 4:00pm","SPX","Invalid date","ironbutterfly","long put 4,435 / short put 4,445 / short call 4,445 / long call 4,455","1","expired","-110","110","-100","890","809.09","8.9","8.6","9.2","10","","","110","890","4457.99","4402.2"
"Sep 22, 2023 10:00am","Sep 22, 2023 4:00pm","SPX","Invalid date","ironbutterfly","long put 4,320 / short put 4,330 / short call 4,330 / long call 4,340","1","expired","-124","130","-95.38","870","669.23","8.7","8.3","9.1","9.94","","","130","870","4341.03","4320.06"
"Sep 25, 2023 10:00am","Sep 25, 2023 4:00pm","SPX","Invalid date","ironbutterfly","long put 4,310 / short put 4,320 / short call 4,320 / long call 4,330","1","expired","-145","145","-100","855","589.66","8.55","8.2","8.9","10","","","145","855","4322.51","4337.44"
"Sep 27, 2023 10:00am","Sep 27, 2023 4:00pm","SPX","Invalid date","ironbutterfly","long put 4,265 / short put 4,275 / short call 4,275 / long call 4,285","1","expired","826","125","660.8","875","700","8.75","8.4","9.1","0.49","","","125","875","4284.6","4274.51"
"Sep 28, 2023 10:00am","Sep 28, 2023 4:00pm","SPX","Invalid date","ironbutterfly","long put 4,265 / short put 4,275 / short call 4,275 / long call 4,285","1","expired","-115","115","-100","885","769.57","8.85","8.4","9.3","10","","","115","885","4282.44","4299.7"
"Oct 2, 2023 10:00am","Oct 2, 2023 4:00pm","SPX","Invalid date","ironbutterfly","long put 4,280 / short put 4,290 / short call 4,290 / long call 4,300","1","expired","694","145","478.62","855","589.66","8.55","7.8","9.3","1.61","","","145","855","4282.54","4288.39"
"Oct 5, 2023 10:00am","Oct 5, 2023 4:00pm","SPX","Invalid date","ironbutterfly","long put 4,255 / short put 4,265 / short call 4,265 / long call 4,275","1","expired","194","125","155.2","875","700","8.75","8.5","9","6.81","","","125","875","4255.63","4258.19"
"Oct 6, 2023 10:00am","Oct 6, 2023 4:00pm","SPX","Invalid date","ironbutterfly","long put 4,250 / short put 4,260 / short call 4,260 / long call 4,270","1","expired","-95","95","-100","905","952.63","9.05","8.45","9.65","10","","","95","905","4232.45","4308.5"
"Oct 9, 2023 10:00am","Oct 9, 2023 4:00pm","SPX","Invalid date","ironbutterfly","long put 4,300 / short put 4,310 / short call 4,310 / long call 4,320","1","expired","-135","135","-100","865","640.74","8.65","8.3","9","10","","","135","865","4302.14","4335.66"
"Oct 10, 2023 10:00am","Oct 10, 2023 4:00pm","SPX","Invalid date","ironbutterfly","long put 4,325 / short put 4,335 / short call 4,335 / long call 4,345","1","expired","-125","125","-100","875","700","8.75","8.4","9.1","10","","","125","875","4350.06","4358.24"
"Oct 11, 2023 10:00am","Oct 11, 2023 4:00pm","SPX","Invalid date","ironbutterfly","long put 4,350 / short put 4,360 / short call 4,360 / long call 4,370","1","expired","-120","120","-100","880","733.33","8.8","8.6","9","10","","","120","880","4368.82","4376.95"
"Oct 12, 2023 10:00am","Oct 12, 2023 4:00pm","SPX","Invalid date","ironbutterfly","long put 4,365 / short put 4,375 / short call 4,375 / long call 4,385","1","expired","-155","155","-100","845","545.16","8.45","8.2","8.7","10","","","155","845","4368.08","4349.61"
"Oct 16, 2023 10:00am","Oct 16, 2023 4:00pm","SPX","Invalid date","ironbutterfly","long put 4,320 / short put 4,330 / short call 4,330 / long call 4,340","1","expired","-70","70","-100","930","1328.57","9.3","8.75","9.85","10","","","70","930","4356.52","4373.63"
"Oct 17, 2023 10:00am","Oct 17, 2023 4:00pm","SPX","Invalid date","ironbutterfly","long put 4,365 / short put 4,375 / short call 4,375 / long call 4,385","1","expired","746","74","1008.11","926","1251.35","9.26","8.3","10.2","1.8","","","74","926","4339.87","4373.2"
"Oct 18, 2023 10:00am","Oct 18, 2023 4:00pm","SPX","Invalid date","ironbutterfly","long put 4,365 / short put 4,375 / short call 4,375 / long call 4,385","1","expired","-102","102","-100","898","880.39","8.98","8.6","9.35","10","","","102","898","4353.02","4314.6"
"Oct 19, 2023 10:00am","Oct 19, 2023 4:00pm","SPX","Invalid date","ironbutterfly","long put 4,305 / short put 4,315 / short call 4,315 / long call 4,325","1","expired","-95","95","-100","905","952.63","9.05","8.3","9.8","10","","","95","905","4320.13","4278"
"Oct 20, 2023 10:00am","Oct 20, 2023 4:00pm","SPX","Invalid date","ironbutterfly","long put 4,270 / short put 4,280 / short call 4,280 / long call 4,290","1","expired","-105","105","-100","895","852.38","8.95","8.5","9.4","10","","","105","895","4263.4","4224.16"
"Oct 23, 2023 10:00am","Oct 23, 2023 4:00pm","SPX","Invalid date","ironbutterfly","long put 4,215 / short put 4,225 / short call 4,225 / long call 4,235","1","expired","104","100","104","900","900","9","8.6","9.4","7.96","","","100","900","4218.19","4217.04"
"Oct 24, 2023 10:00am","Oct 24, 2023 4:00pm","SPX","Invalid date","ironbutterfly","long put 4,205 / short put 4,215 / short call 4,215 / long call 4,225","1","expired","-65","65","-100","935","1438.46","9.35","8.7","10","10","","","65","935","4250.35","4247.68"
"Oct 30, 2023 10:00am","Oct 30, 2023 4:00pm","SPX","Invalid date","ironbutterfly","long put 4,105 / short put 4,115 / short call 4,115 / long call 4,125","1","expired","-42","42","-100","958","2280.95","9.58","8.9","10.25","10","","","42","958","4159.95","4166.82"
"Oct 31, 2023 10:00am","Oct 31, 2023 4:00pm","SPX","Invalid date","ironbutterfly","long put 4,155 / short put 4,165 / short call 4,165 / long call 4,175","1","expired","-145","145","-100","855","589.66","8.55","8.1","9","10","","","145","855","4158.22","4193.8"
"Nov 6, 2023 10:00am","Nov 6, 2023 4:00pm","SPX","Invalid date","ironbutterfly","long put 4,350 / short put 4,360 / short call 4,360 / long call 4,370","1","expired","242","160","151.25","840","525","8.4","8.1","8.7","5.98","","","160","840","4365.72","4365.98"
"Nov 7, 2023 10:00am","Nov 7, 2023 4:00pm","SPX","Invalid date","ironbutterfly","long put 4,355 / short put 4,365 / short call 4,365 / long call 4,375","1","expired","-210","210","-100","790","376.19","7.9","7.5","8.3","10","","","210","790","4366.57","4378.38"
"Nov 8, 2023 10:00am","Nov 8, 2023 4:00pm","SPX","Invalid date","ironbutterfly","long put 4,370 / short put 4,380 / short call 4,380 / long call 4,390","1","expired","559","163","342.94","837","513.5","8.37","8.1","8.65","2.78","","","163","837","4387.63","4382.78"
"Nov 9, 2023 10:00am","Nov 9, 2023 4:00pm","SPX","Invalid date","ironbutterfly","long put 4,375 / short put 4,385 / short call 4,385 / long call 4,395","1","expired","-180","180","-100","820","455.56","8.2","7.9","8.5","10","","","180","820","4388.32","4347.35"
"Nov 13, 2023 10:00am","Nov 13, 2023 4:00pm","SPX","Invalid date","ironbutterfly","long put 4,405 / short put 4,415 / short call 4,415 / long call 4,425","1","expired","518","137","378.1","863","629.93","8.63","8.35","8.9","3.45","","","137","863","4397.97","4411.55"
"Nov 15, 2023 10:00am","Nov 15, 2023 4:00pm","SPX","Invalid date","ironbutterfly","long put 4,485 / short put 4,495 / short call 4,495 / long call 4,505","1","expired","67","145","46.21","855","589.66","8.55","8.25","8.85","7.88","","","145","855","4506.22","4502.88"
"Nov 16, 2023 10:00am","Nov 16, 2023 4:00pm","SPX","Invalid date","ironbutterfly","long put 4,495 / short put 4,505 / short call 4,505 / long call 4,515","1","expired","501","175","286.29","825","471.43","8.25","8","8.5","3.24","","","175","825","4510.55","4508.24"
"Nov 17, 2023 10:00am","Nov 17, 2023 4:00pm","SPX","Invalid date","ironbutterfly","long put 4,500 / short put 4,510 / short call 4,510 / long call 4,520","1","expired","413","185","223.24","815","440.54","8.15","7.8","8.5","4.02","","","185","815","4508.21","4514.02"
"Nov 20, 2023 10:00am","Nov 20, 2023 4:00pm","SPX","Invalid date","ironbutterfly","long put 4,505 / short put 4,515 / short call 4,515 / long call 4,525","1","expired","-153","153","-100","847","553.59","8.47","8.2","8.75","10","","","153","847","4528.41","4547.38"
"Nov 21, 2023 10:00am","Nov 21, 2023 4:00pm","SPX","Invalid date","ironbutterfly","long put 4,535 / short put 4,545 / short call 4,545 / long call 4,555","1","expired","139","180","77.22","820","455.56","8.2","7.55","8.85","6.81","","","180","820","4533.85","4538.19"
"Nov 22, 2023 10:00am","Nov 22, 2023 4:00pm","SPX","Invalid date","ironbutterfly","long put 4,530 / short put 4,540 / short call 4,540 / long call 4,550","1","expired","-140","140","-100","860","614.29","8.6","8.2","9","10","","","140","860","4554.83","4556.62"
"Nov 27, 2023 10:00am","Nov 27, 2023 4:00pm","SPX","Invalid date","ironbutterfly","long put 4,550 / short put 4,560 / short call 4,560 / long call 4,570","1","expired","-193","236","-81.78","764","323.73","7.64","7","8.3","9.57","","","236","764","4551.04","4550.43"
"Nov 28, 2023 10:00am","Nov 28, 2023 4:00pm","SPX","Invalid date","ironbutterfly","long put 4,540 / short put 4,550 / short call 4,550 / long call 4,560","1","expired","286","225","127.11","775","344.44","7.75","7.2","8.3","4.89","","","225","775","4541.48","4554.89"
"Nov 29, 2023 10:00am","Nov 29, 2023 4:00pm","SPX","Invalid date","ironbutterfly","long put 4,545 / short put 4,555 / short call 4,555 / long call 4,565","1","expired","513","45","1140","955","2122.22","9.55","9","10.1","4.42","","","45","955","4585.23","4550.58"
"Nov 30, 2023 10:00am","Nov 30, 2023 4:00pm","SPX","Invalid date","ironbutterfly","long put 4,540 / short put 4,550 / short call 4,550 / long call 4,560","1","expired","-193","193","-100","807","418.13","8.07","7.6","8.55","10","","","193","807","4555.09","4567.8"
"Dec 4, 2023 10:00am","Dec 4, 2023 4:00pm","SPX","Invalid date","ironbutterfly","long put 4,585 / short put 4,595 / short call 4,595 / long call 4,605","1","expired","-46","46","-100","954","2073.91","9.54","8.55","10.55","10","","","46","954","4563.47","4569.78"
"Dec 5, 2023 10:00am","Dec 5, 2023 4:00pm","SPX","Invalid date","ironbutterfly","long put 4,560 / short put 4,570 / short call 4,570 / long call 4,580","1","expired","563","155","363.23","845","545.16","8.45","7.6","9.3","2.82","","","155","845","4557.31","4567.18"
"Dec 6, 2023 10:00am","Dec 6, 2023 4:00pm","SPX","Invalid date","ironbutterfly","long put 4,555 / short put 4,565 / short call 4,565 / long call 4,575","1","expired","-140","140","-100","860","614.29","8.6","8.2","9","10","","","140","860","4583.43","4549.34"
"Dec 7, 2023 10:00am","Dec 7, 2023 4:00pm","SPX","Invalid date","ironbutterfly","long put 4,540 / short put 4,550 / short call 4,550 / long call 4,560","1","expired","-130","130","-100","870","669.23","8.7","8.25","9.15","10","","","130","870","4567.2","4585.59"
"Dec 8, 2023 10:00am","Dec 8, 2023 4:00pm","SPX","Invalid date","ironbutterfly","long put 4,575 / short put 4,585 / short call 4,585 / long call 4,595","1","expired","-195","195","-100","805","412.82","8.05","7.3","8.8","10","","","195","805","4584.3","4604.37"
"Dec 11, 2023 10:00am","Dec 11, 2023 4:00pm","SPX","Invalid date","ironbutterfly","long put 4,595 / short put 4,605 / short call 4,605 / long call 4,615","1","expired","-222","222","-100","778","350.45","7.78","7.55","8","10","","","222","778","4606.6","4622.44"
"Dec 12, 2023 10:00am","Dec 12, 2023 4:00pm","SPX","Invalid date","ironbutterfly","long put 4,610 / short put 4,620 / short call 4,620 / long call 4,630","1","expired","-210","210","-100","790","376.19","7.9","7.6","8.2","10","","","210","790","4617.07","4643.7"
"Dec 13, 2023 10:00am","Dec 13, 2023 4:00pm","SPX","Invalid date","ironbutterfly","long put 4,635 / short put 4,645 / short call 4,645 / long call 4,655","1","expired","-130","130","-100","870","669.23","8.7","8.3","9.1","10","","","130","870","4646.99","4707.09"
"Dec 14, 2023 10:00am","Dec 14, 2023 4:00pm","SPX","Invalid date","ironbutterfly","long put 4,695 / short put 4,705 / short call 4,705 / long call 4,715","1","expired","-87","87","-100","913","1049.43","9.13","8.5","9.75","10","","","87","913","4732.3","4719.55"
"Dec 15, 2023 10:00am","Dec 15, 2023 4:00pm","SPX","Invalid date","ironbutterfly","long put 4,710 / short put 4,720 / short call 4,720 / long call 4,730","1","expired","759","160","474.38","840","525","8.4","8","8.8","0.81","","","160","840","4711.75","4719.19"
"Dec 18, 2023 10:00am","Dec 18, 2023 4:00pm","SPX","Invalid date","ironbutterfly","long put 4,710 / short put 4,720 / short call 4,720 / long call 4,730","1","expired","-150","150","-100","850","566.67","8.5","8.25","8.75","10","","","150","850","4734.19","4740.56"
"Dec 19, 2023 10:00am","Dec 19, 2023 4:00pm","SPX","Invalid date","ironbutterfly","long put 4,730 / short put 4,740 / short call 4,740 / long call 4,750","1","expired","-152","152","-100","848","557.89","8.48","8.05","8.9","10","","","152","848","4754.91","4768.37"
"Dec 20, 2023 10:00am","Dec 20, 2023 4:00pm","SPX","Invalid date","ironbutterfly","long put 4,760 / short put 4,770 / short call 4,770 / long call 4,780","1","expired","-220","220","-100","780","354.55","7.8","7.45","8.15","10","","","220","780","4764.99","4698.35"
"Dec 21, 2023 10:00am","Dec 21, 2023 4:00pm","SPX","Invalid date","ironbutterfly","long put 4,690 / short put 4,700 / short call 4,700 / long call 4,710","1","expired","-57","57","-100","943","1654.39","9.43","8.85","10","10","","","57","943","4733.27","4746.75"
"Dec 26, 2023 10:00am","Dec 26, 2023 4:00pm","SPX","Invalid date","ironbutterfly","long put 4,745 / short put 4,755 / short call 4,755 / long call 4,765","1","expired","-150","150","-100","850","566.67","8.5","8.25","8.75","10","","","150","850","4766.53","4774.75"
"Dec 27, 2023 10:00am","Dec 27, 2023 4:00pm","SPX","Invalid date","ironbutterfly","long put 4,765 / short put 4,775 / short call 4,775 / long call 4,785","1","expired","120","222","54.05","778","350.45","7.78","7.55","8","6.58","","","222","778","4778.87","4781.58"
"Dec 28, 2023 10:00am","Dec 28, 2023 4:00pm","SPX","Invalid date","ironbutterfly","long put 4,770 / short put 4,780 / short call 4,780 / long call 4,790","1","expired","495","170","291.18","830","488.24","8.3","7.85","8.75","3.35","","","170","830","4790.24","4783.35"
"Dec 29, 2023 10:00am","Dec 29, 2023 4:00pm","SPX","Invalid date","ironbutterfly","long put 4,775 / short put 4,785 / short call 4,785 / long call 4,795","1","expired","-205","205","-100","795","387.8","7.95","7.6","8.3","10","","","205","795","4786.11","4769.83"
"Jan 2, 2024 10:00am","Jan 2, 2024 4:00pm","SPX","Invalid date","ironbutterfly","long put 4,760 / short put 4,770 / short call 4,770 / long call 4,780","1","expired","-73","73","-100","927","1269.86","9.27","8.6","9.95","10","","","73","927","4739.8","4742.83"
"Jan 4, 2024 10:00am","Jan 4, 2024 4:00pm","SPX","Invalid date","ironbutterfly","long put 4,695 / short put 4,705 / short call 4,705 / long call 4,715","1","expired","-190","190","-100","810","426.32","8.1","7.8","8.4","10","","","190","810","4706.26","4688.68"
"Jan 8, 2024 10:00am","Jan 8, 2024 4:00pm","SPX","Invalid date","ironbutterfly","long put 4,685 / short put 4,695 / short call 4,695 / long call 4,705","1","expired","-107","107","-100","893","834.58","8.93","8.4","9.45","10","","","107","893","4714.71","4763.54"
"Jan 9, 2024 10:00am","Jan 9, 2024 4:00pm","SPX","Invalid date","ironbutterfly","long put 4,755 / short put 4,765 / short call 4,765 / long call 4,775","1","expired","59","91","64.84","909","998.9","9.09","8.55","9.65","8.5","","","91","909","4738.2","4756.5"
"Jan 10, 2024 10:00am","Jan 10, 2024 4:00pm","SPX","Invalid date","ironbutterfly","long put 4,745 / short put 4,755 / short call 4,755 / long call 4,765","1","expired","-187","187","-100","813","434.76","8.13","7.85","8.4","10","","","187","813","4764.21","4783.45"
"Jan 11, 2024 10:00am","Jan 11, 2024 4:00pm","SPX","Invalid date","ironbutterfly","long put 4,775 / short put 4,785 / short call 4,785 / long call 4,795","1","expired","374","150","249.33","850","566.67","8.5","8.3","8.7","4.76","","","150","850","4780.79","4780.24"
"Jan 12, 2024 10:00am","Jan 12, 2024 4:00pm","SPX","Invalid date","ironbutterfly","long put 4,770 / short put 4,780 / short call 4,780 / long call 4,790","1","expired","477","140","340.71","860","614.29","8.6","8.2","9","3.83","","","140","860","4787.8","4783.83"
"Jan 16, 2024 10:00am","Jan 16, 2024 4:00pm","SPX","Invalid date","ironbutterfly","long put 4,775 / short put 4,785 / short call 4,785 / long call 4,795","1","expired","-109","109","-100","891","817.43","8.91","8.3","9.5","10","","","109","891","4762.19","4765.98"
"Jan 17, 2024 10:00am","Jan 17, 2024 4:00pm","SPX","Invalid date","ironbutterfly","long put 4,755 / short put 4,765 / short call 4,765 / long call 4,775","1","expired","-55","55","-100","945","1718.18","9.45","8.55","10.35","10","","","55","945","4729.02","4739.21"
"Jan 18, 2024 10:00am","Jan 18, 2024 4:00pm","SPX","Invalid date","ironbutterfly","long put 4,730 / short put 4,740 / short call 4,740 / long call 4,750","1","expired","-135","135","-100","865","640.74","8.65","8.35","8.95","10","","","135","865","4755.32","4780.94"
"Jan 22, 2024 10:00am","Jan 22, 2024 4:00pm","SPX","Invalid date","ironbutterfly","long put 4,830 / short put 4,840 / short call 4,840 / long call 4,850","1","expired","-71","71","-100","929","1308.45","9.29","8.9","9.7","10","","","71","929","4866.75","4850.43"
"Jan 23, 2024 10:00am","Jan 23, 2024 4:00pm","SPX","Invalid date","ironbutterfly","long put 4,840 / short put 4,850 / short call 4,850 / long call 4,860","1","expired","-185","185","-100","815","440.54","8.15","7.8","8.5","10","","","185","815","4855.5","4864.6"
"Jan 24, 2024 10:00am","Jan 24, 2024 4:00pm","SPX","Invalid date","ironbutterfly","long put 4,855 / short put 4,865 / short call 4,865 / long call 4,875","1","expired","545","100","545","900","900","9","8.55","9.45","3.55","","","100","900","4887.08","4868.55"
"Jan 25, 2024 10:00am","Jan 25, 2024 4:00pm","SPX","Invalid date","ironbutterfly","long put 4,860 / short put 4,870 / short call 4,870 / long call 4,880","1","expired","-97","97","-100","903","930.93","9.03","8.3","9.75","10","","","97","903","4888.14","4894.16"
"Jan 26, 2024 10:00am","Jan 26, 2024 4:00pm","SPX","Invalid date","ironbutterfly","long put 4,885 / short put 4,895 / short call 4,895 / long call 4,905","1","expired","412","185","222.7","815","440.54","8.15","7.7","8.6","4.03","","","185","815","4892.72","4890.97"
"Jan 29, 2024 10:00am","Jan 29, 2024 4:00pm","SPX","Invalid date","ironbutterfly","long put 4,880 / short put 4,890 / short call 4,890 / long call 4,900","1","expired","-195","195","-100","805","412.82","8.05","7.8","8.3","10","","","195","805","4896.63","4927.93"
"Jan 30, 2024 10:00am","Jan 30, 2024 4:00pm","SPX","Invalid date","ironbutterfly","long put 4,920 / short put 4,930 / short call 4,930 / long call 4,940","1","expired","297","200","148.5","800","400","8","7.3","8.7","5.03","","","200","800","4929.52","4924.97"
"Jan 31, 2024 10:00am","Jan 31, 2024 4:00pm","SPX","Invalid date","ironbutterfly","long put 4,915 / short put 4,925 / short call 4,925 / long call 4,935","1","expired","-92","92","-100","908","986.96","9.08","8.35","9.8","10","","","92","908","4892.8","4845.65"
"Feb 1, 2024 10:00am","Feb 1, 2024 4:00pm","SPX","Invalid date","ironbutterfly","long put 4,835 / short put 4,845 / short call 4,845 / long call 4,855","1","expired","-88","88","-100","912","1036.36","9.12","8.2","10.05","10","","","88","912","4867.07","4906.19"
"Feb 5, 2024 10:00am","Feb 5, 2024 4:00pm","SPX","Invalid date","ironbutterfly","long put 4,950 / short put 4,960 / short call 4,960 / long call 4,970","1","expired","-155","155","-100","845","545.16","8.45","8.05","8.85","10","","","155","845","4950.59","4942.81"
"Feb 6, 2024 10:00am","Feb 6, 2024 4:00pm","SPX","Invalid date","ironbutterfly","long put 4,935 / short put 4,945 / short call 4,945 / long call 4,955","1","expired","-98","175","-56","825","471.43","8.25","8","8.5","9.23","","","175","825","4944.37","4954.23"
"Feb 7, 2024 10:00am","Feb 7, 2024 4:00pm","SPX","Invalid date","ironbutterfly","long put 4,945 / short put 4,955 / short call 4,955 / long call 4,965","1","expired","-112","112","-100","888","792.86","8.88","8.5","9.25","10","","","112","888","4973.91","4995.06"
"Feb 8, 2024 10:00am","Feb 8, 2024 4:00pm","SPX","Invalid date","ironbutterfly","long put 4,985 / short put 4,995 / short call 4,995 / long call 5,005","1","expired","509","200","254.5","800","400","8","7.7","8.3","2.91","","","200","800","4993.8","4997.91"
"Feb 9, 2024 10:00am","Feb 9, 2024 4:00pm","SPX","Invalid date","ironbutterfly","long put 4,990 / short put 5,000 / short call 5,000 / long call 5,010","1","expired","-175","175","-100","825","471.43","8.25","7.75","8.75","10","","","175","825","5009.09","5026.61"
"Feb 12, 2024 10:00am","Feb 12, 2024 4:00pm","SPX","Invalid date","ironbutterfly","long put 5,015 / short put 5,025 / short call 5,025 / long call 5,035","1","expired","471","213","221.13","787","369.48","7.87","7.55","8.2","3.16","","","213","787","5028.24","5021.84"
"Feb 14, 2024 10:00am","Feb 14, 2024 4:00pm","SPX","Invalid date","ironbutterfly","long put 4,945 / short put 4,955 / short call 4,955 / long call 4,965","1","expired","-86","86","-100","914","1062.79","9.14","8.8","9.5","10","","","86","914","4981.15","5000.62"
"Feb 15, 2024 10:00am","Feb 15, 2024 4:00pm","SPX","Invalid date","ironbutterfly","long put 4,990 / short put 5,000 / short call 5,000 / long call 5,010","1","expired","-145","145","-100","855","589.66","8.55","8.3","8.8","10","","","145","855","5007.73","5029.73"
"Feb 20, 2024 10:00am","Feb 20, 2024 4:00pm","SPX","Invalid date","ironbutterfly","long put 4,995 / short put 5,005 / short call 5,005 / long call 5,015","1","expired","-92","92","-100","908","986.96","9.08","8.6","9.55","10","","","92","908","4976.55","4975.51"
"Feb 21, 2024 10:00am","Feb 21, 2024 4:00pm","SPX","Invalid date","ironbutterfly","long put 4,965 / short put 4,975 / short call 4,975 / long call 4,985","1","expired","170","150","113.33","850","566.67","8.5","8.25","8.75","6.8","","","150","850","4962.5","4981.8"
"Feb 23, 2024 10:00am","Feb 23, 2024 4:00pm","SPX","Invalid date","ironbutterfly","long put 5,075 / short put 5,085 / short call 5,085 / long call 5,095","1","expired","522","98","532.65","902","920.41","9.02","8.65","9.4","3.8","","","98","902","5107.55","5088.8"
"Feb 26, 2024 10:00am","Feb 26, 2024 4:00pm","SPX","Invalid date","ironbutterfly","long put 5,080 / short put 5,090 / short call 5,090 / long call 5,100","1","expired","-180","180","-100","820","455.56","8.2","7.5","8.9","10","","","180","820","5093.2","5069.53"
"Feb 27, 2024 10:00am","Feb 27, 2024 4:00pm","SPX","Invalid date","ironbutterfly","long put 5,060 / short put 5,070 / short call 5,070 / long call 5,080","1","expired","-8","190","-4.21","810","426.32","8.1","7.7","8.5","8.18","","","190","810","5070.25","5078.18"
"Feb 28, 2024 10:00am","Feb 28, 2024 4:00pm","SPX","Invalid date","ironbutterfly","long put 5,070 / short put 5,080 / short call 5,080 / long call 5,090","1","expired","-148","148","-100","852","575.68","8.52","8.15","8.9","10","","","148","852","5062.47","5069.76"
"Mar 1, 2024 10:00am","Mar 1, 2024 4:00pm","SPX","Invalid date","ironbutterfly","long put 5,085 / short put 5,095 / short call 5,095 / long call 5,105","1","expired","-165","165","-100","835","506.06","8.35","8","8.7","10","","","165","835","5100.09","5137.08"
"Mar 4, 2024 10:00am","Mar 4, 2024 4:00pm","SPX","Invalid date","ironbutterfly","long put 5,125 / short put 5,135 / short call 5,135 / long call 5,145","1","expired","370","225","164.44","775","344.44","7.75","7.45","8.05","4.05","","","225","775","5133.71","5130.95"
"Mar 7, 2024 10:00am","Mar 7, 2024 4:00pm","SPX","Invalid date","ironbutterfly","long put 5,095 / short put 5,105 / short call 5,105 / long call 5,115","1","expired","-62","62","-100","938","1512.9","9.38","8.4","10.35","10","","","62","938","5140.92","5157.36"
"Mar 8, 2024 10:00am","Mar 8, 2024 4:00pm","SPX","Invalid date","ironbutterfly","long put 5,145 / short put 5,155 / short call 5,155 / long call 5,165","1","expired","-70","70","-100","930","1328.57","9.3","8.7","9.9","10","","","70","930","5184.88","5123.69"
"Mar 11, 2024 10:00am","Mar 11, 2024 4:00pm","SPX","Invalid date","ironbutterfly","long put 5,115 / short put 5,125 / short call 5,125 / long call 5,135","1","expired","171","123","139.02","877","713.01","8.77","8.3","9.25","7.06","","","123","877","5099.85","5117.94"
"Mar 12, 2024 10:00am","Mar 12, 2024 4:00pm","SPX","Invalid date","ironbutterfly","long put 5,110 / short put 5,120 / short call 5,120 / long call 5,130","1","expired","-80","80","-100","920","1150","9.2","8.8","9.6","10","","","80","920","5140.73","5175.27"
"Mar 13, 2024 10:00am","Mar 13, 2024 4:00pm","SPX","Invalid date","ironbutterfly","long put 5,165 / short put 5,175 / short call 5,175 / long call 5,185","1","expired","-139","170","-81.76","830","488.24","8.3","7.9","8.7","9.69","","","170","830","5166.38","5165.31"
"Mar 14, 2024 10:00am","Mar 14, 2024 4:00pm","SPX","Invalid date","ironbutterfly","long put 5,155 / short put 5,165 / short call 5,165 / long call 5,175","1","expired","-115","115","-100","885","769.57","8.85","8.5","9.2","10","","","115","885","5144.28","5150.48"
"Mar 19, 2024 10:00am","Mar 19, 2024 4:00pm","SPX","Invalid date","ironbutterfly","long put 5,140 / short put 5,150 / short call 5,150 / long call 5,160","1","expired","-160","160","-100","840","525","8.4","8.05","8.75","10","","","160","840","5137.25","5178.51"
"Mar 20, 2024 10:00am","Mar 20, 2024 4:00pm","SPX","Invalid date","ironbutterfly","long put 5,170 / short put 5,180 / short call 5,180 / long call 5,190","1","expired","-85","85","-100","915","1076.47","9.15","8.8","9.5","10","","","85","915","5175.14","5224.62"
"Mar 21, 2024 10:00am","Mar 21, 2024 4:00pm","SPX","Invalid date","ironbutterfly","long put 5,215 / short put 5,225 / short call 5,225 / long call 5,235","1","expired","-58","58","-100","942","1624.14","9.42","8.75","10.1","10","","","58","942","5254.74","5241.53"
"Mar 22, 2024 10:00am","Mar 22, 2024 4:00pm","SPX","Invalid date","ironbutterfly","long put 5,230 / short put 5,240 / short call 5,240 / long call 5,250","1","expired","228","190","120","810","426.32","8.1","7.8","8.4","5.82","","","190","810","5238.09","5234.18"
"Mar 26, 2024 10:00am","Mar 26, 2024 4:00pm","SPX","Invalid date","ironbutterfly","long put 5,210 / short put 5,220 / short call 5,220 / long call 5,230","1","expired","-148","148","-100","852","575.68","8.52","7.8","9.25","10","","","148","852","5232.23","5203.58"
"Mar 27, 2024 10:00am","Mar 27, 2024 4:00pm","SPX","Invalid date","ironbutterfly","long put 5,195 / short put 5,205 / short call 5,205 / long call 5,215","1","expired","-79","79","-100","921","1165.82","9.21","8.8","9.6","10","","","79","921","5227.32","5248.49"
"Mar 28, 2024 10:00am","Mar 28, 2024 4:00pm","SPX","Invalid date","ironbutterfly","long put 5,240 / short put 5,250 / short call 5,250 / long call 5,260","1","expired","395","170","232.35","830","488.24","8.3","7.4","9.2","4.35","","","170","830","5250.86","5254.35"
"Apr 1, 2024 10:00am","Apr 1, 2024 4:00pm","SPX","Invalid date","ironbutterfly","long put 5,245 / short put 5,255 / short call 5,255 / long call 5,265","1","expired","-207","207","-100","793","383.09","7.93","7.15","8.7","10","","","207","793","5261.16","5243.77"
"Apr 3, 2024 10:00am","Apr 3, 2024 4:00pm","SPX","Invalid date","ironbutterfly","long put 5,195 / short put 5,205 / short call 5,205 / long call 5,215","1","expired","196","155","126.45","845","545.16","8.45","7.6","9.3","6.49","","","155","845","5202.87","5211.49"
"Apr 5, 2024 10:00am","Apr 5, 2024 4:00pm","SPX","Invalid date","ironbutterfly","long put 5,135 / short put 5,145 / short call 5,145 / long call 5,155","1","expired","-60","60","-100","940","1566.67","9.4","8.95","9.85","10","","","60","940","5178.31","5204.34"
"Apr 8, 2024 10:00am","Apr 8, 2024 4:00pm","SPX","Invalid date","ironbutterfly","long put 5,195 / short put 5,205 / short call 5,205 / long call 5,215","1","expired","574","165","347.88","835","506.06","8.35","8","8.7","2.61","","","165","835","5206.62","5202.39"
"Apr 9, 2024 10:00am","Apr 9, 2024 4:00pm","SPX","Invalid date","ironbutterfly","long put 5,190 / short put 5,200 / short call 5,200 / long call 5,210","1","expired","-141","150","-94","850","566.67","8.5","8.2","8.8","9.91","","","150","850","5206.08","5209.91"
"Apr 11, 2024 10:00am","Apr 11, 2024 4:00pm","SPX","Invalid date","ironbutterfly","long put 5,150 / short put 5,160 / short call 5,160 / long call 5,170","1","expired","-120","120","-100","880","733.33","8.8","8.4","9.2","10","","","120","880","5163.65","5199.06"
"Apr 16, 2024 10:00am","Apr 16, 2024 4:00pm","SPX","Invalid date","ironbutterfly","long put 5,050 / short put 5,060 / short call 5,060 / long call 5,070","1","expired","56","85","65.88","915","1076.47","9.15","8.8","9.5","8.59","","","85","915","5059.92","5051.41"
"Apr 17, 2024 10:00am","Apr 17, 2024 4:00pm","SPX","Invalid date","ironbutterfly","long put 5,040 / short put 5,050 / short call 5,050 / long call 5,060","1","expired","-85","85","-100","915","1076.47","9.15","8.7","9.6","10","","","85","915","5069.26","5022.21"
"Apr 18, 2024 10:00am","Apr 18, 2024 4:00pm","SPX","Invalid date","ironbutterfly","long put 5,010 / short put 5,020 / short call 5,020 / long call 5,030","1","expired","12","100","12","900","900","9","8.5","9.5","8.88","","","100","900","5027.15","5011.12"
"Apr 19, 2024 10:00am","Apr 19, 2024 4:00pm","SPX","Invalid date","ironbutterfly","long put 5,000 / short put 5,010 / short call 5,010 / long call 5,020","1","expired","-95","95","-100","905","952.63","9.05","8.7","9.4","10","","","95","905","5011.89","4967.23"
"Apr 22, 2024 10:00am","Apr 22, 2024 4:00pm","SPX","Invalid date","ironbutterfly","long put 4,955 / short put 4,965 / short call 4,965 / long call 4,975","1","expired","-80","80","-100","920","1150","9.2","8.8","9.6","10","","","80","920","4990.62","5010.6"
"Apr 24, 2024 10:00am","Apr 24, 2024 4:00pm","SPX","Invalid date","ironbutterfly","long put 5,060 / short put 5,070 / short call 5,070 / long call 5,080","1","expired","702","135","520","865","640.74","8.65","8.3","9","1.63","","","135","865","5077.94","5071.63"
"Apr 29, 2024 10:00am","Apr 29, 2024 4:00pm","SPX","Invalid date","ironbutterfly","long put 5,090 / short put 5,100 / short call 5,100 / long call 5,110","1","expired","-125","125","-100","875","700","8.75","8.5","9","10","","","125","875","5111.32","5116.17"
"May 6, 2024 10:00am","May 6, 2024 4:00pm","SPX","Invalid date","ironbutterfly","long put 5,120 / short put 5,130 / short call 5,130 / long call 5,140","1","expired","-67","67","-100","933","1392.54","9.33","8.8","9.85","10","","","67","933","5157.05","5180.74"
"May 7, 2024 10:00am","May 7, 2024 4:00pm","SPX","Invalid date","ironbutterfly","long put 5,170 / short put 5,180 / short call 5,180 / long call 5,190","1","expired","75","155","48.39","845","545.16","8.45","8","8.9","7.7","","","155","845","5185.87","5187.7"
"May 8, 2024 10:00am","May 8, 2024 4:00pm","SPX","Invalid date","ironbutterfly","long put 5,180 / short put 5,190 / short call 5,190 / long call 5,200","1","expired","547","220","248.64","780","354.55","7.8","7.35","8.25","2.33","","","220","780","5180.18","5187.67"
"May 9, 2024 10:00am","May 9, 2024 4:00pm","SPX","Invalid date","ironbutterfly","long put 5,180 / short put 5,190 / short call 5,190 / long call 5,200","1","expired","-210","210","-100","790","376.19","7.9","7.6","8.2","10","","","210","790","5189.9","5214.08"
"May 10, 2024 10:00am","May 10, 2024 4:00pm","SPX","Invalid date","ironbutterfly","long put 5,205 / short put 5,215 / short call 5,215 / long call 5,225","1","expired","149","83","179.52","917","1104.82","9.17","8.2","10.15","7.68","","","83","917","5237.43","5222.68"
"May 13, 2024 10:00am","May 13, 2024 4:00pm","SPX","Invalid date","ironbutterfly","long put 5,215 / short put 5,225 / short call 5,225 / long call 5,235","1","expired","440","202","217.82","798","395.05","7.98","7.7","8.25","3.58","","","202","798","5230.37","5221.42"
"May 14, 2024 10:00am","May 14, 2024 4:00pm","SPX","Invalid date","ironbutterfly","long put 5,210 / short put 5,220 / short call 5,220 / long call 5,230","1","expired","-125","125","-100","875","700","8.75","8.4","9.1","10","","","125","875","5224.19","5246.68"
"May 15, 2024 10:00am","May 15, 2024 4:00pm","SPX","Invalid date","ironbutterfly","long put 5,235 / short put 5,245 / short call 5,245 / long call 5,255","1","expired","-78","78","-100","922","1182.05","9.22","8.75","9.7","10","","","78","922","5268.09","5308.15"
"May 16, 2024 10:00am","May 16, 2024 4:00pm","SPX","Invalid date","ironbutterfly","long put 5,300 / short put 5,310 / short call 5,310 / long call 5,320","1","expired","-215","215","-100","785","365.12","7.85","7.6","8.1","10","","","215","785","5313.16","5297.1"
"May 17, 2024 10:00am","May 17, 2024 4:00pm","SPX","Invalid date","ironbutterfly","long put 5,285 / short put 5,295 / short call 5,295 / long call 5,305","1","expired","-17","190","-8.95","810","426.32","8.1","7.8","8.4","8.27","","","190","810","5298.85","5303.27"
"May 20, 2024 10:00am","May 20, 2024 4:00pm","SPX","Invalid date","ironbutterfly","long put 5,295 / short put 5,305 / short call 5,305 / long call 5,315","1","expired","574","113","507.96","887","784.96","8.87","8.5","9.25","3.13","","","113","887","5321.74","5308.13"
"May 21, 2024 10:00am","May 21, 2024 4:00pm","SPX","Invalid date","ironbutterfly","long put 5,300 / short put 5,310 / short call 5,310 / long call 5,320","1","expired","-278","278","-100","722","259.71","7.22","7","7.45","10","","","278","722","5303.98","5321.41"
"May 22, 2024 10:00am","May 22, 2024 4:00pm","SPX","Invalid date","ironbutterfly","long put 5,310 / short put 5,320 / short call 5,320 / long call 5,330","1","expired","-254","254","-100","746","293.7","7.46","7.1","7.8","10","","","254","746","5322.14","5307.01"
"May 23, 2024 10:00am","May 23, 2024 4:00pm","SPX","Invalid date","ironbutterfly","long put 5,295 / short put 5,305 / short call 5,305 / long call 5,315","1","expired","-115","115","-100","885","769.57","8.85","8.3","9.4","10","","","115","885","5309.45","5267.84"
"May 24, 2024 10:00am","May 24, 2024 4:00pm","SPX","Invalid date","ironbutterfly","long put 5,260 / short put 5,270 / short call 5,270 / long call 5,280","1","expired","-120","120","-100","880","733.33","8.8","8","9.6","10","","","120","880","5282.07","5304.72"
"May 28, 2024 10:00am","May 28, 2024 4:00pm","SPX","Invalid date","ironbutterfly","long put 5,295 / short put 5,305 / short call 5,305 / long call 5,315","1","expired","706","190","371.58","810","426.32","8.1","7.4","8.8","1.04","","","190","810","5303.11","5306.04"
"May 29, 2024 10:00am","May 29, 2024 4:00pm","SPX","Invalid date","ironbutterfly","long put 5,295 / short put 5,305 / short call 5,305 / long call 5,315","1","expired","-53","53","-100","947","1786.79","9.47","8.8","10.15","10","","","53","947","5270.75","5266.95"
"May 30, 2024 10:00am","May 30, 2024 4:00pm","SPX","Invalid date","ironbutterfly","long put 5,255 / short put 5,265 / short call 5,265 / long call 5,275","1","expired","-165","165","-100","835","506.06","8.35","7.75","8.95","10","","","165","835","5254.69","5235.48"
"May 31, 2024 10:00am","May 31, 2024 4:00pm","SPX","Invalid date","ironbutterfly","long put 5,225 / short put 5,235 / short call 5,235 / long call 5,245","1","expired","-140","140","-100","860","614.29","8.6","8.4","8.8","10","","","140","860","5239.14","5277.51"
"Jun 4, 2024 10:00am","Jun 4, 2024 4:00pm","SPX","Invalid date","ironbutterfly","long put 5,275 / short put 5,285 / short call 5,285 / long call 5,295","1","expired","206","160","128.75","840","525","8.4","7.5","9.3","6.34","","","160","840","5272.91","5291.34"
"Jun 6, 2024 10:00am","Jun 6, 2024 4:00pm","SPX","Invalid date","ironbutterfly","long put 5,345 / short put 5,355 / short call 5,355 / long call 5,365","1","expired","621","175","354.86","825","471.43","8.25","7.9","8.6","2.04","","","175","825","5350.74","5352.96"
"Jun 7, 2024 10:00am","Jun 7, 2024 4:00pm","SPX","Invalid date","ironbutterfly","long put 5,345 / short put 5,355 / short call 5,355 / long call 5,365","1","expired","44","155","28.39","845","545.16","8.45","8.1","8.8","8.01","","","155","845","5348.72","5346.99"
"Jun 10, 2024 10:00am","Jun 10, 2024 4:00pm","SPX","Invalid date","ironbutterfly","long put 5,335 / short put 5,345 / short call 5,345 / long call 5,355","1","expired","-208","208","-100","792","380.77","7.92","7.6","8.25","10","","","208","792","5336.22","5360.79"
"Jun 11, 2024 10:00am","Jun 11, 2024 4:00pm","SPX","Invalid date","ironbutterfly","long put 5,350 / short put 5,360 / short call 5,360 / long call 5,370","1","expired","-103","103","-100","897","870.87","8.97","8.45","9.5","10","","","103","897","5333.56","5375.32"
"Jun 13, 2024 10:00am","Jun 13, 2024 4:00pm","SPX","Invalid date","ironbutterfly","long put 5,410 / short put 5,420 / short call 5,420 / long call 5,430","1","expired","-135","135","-100","865","640.74","8.65","8.3","9","10","","","135","865","5427.63","5433.74"
"Jun 17, 2024 10:00am","Jun 17, 2024 4:00pm","SPX","Invalid date","ironbutterfly","long put 5,420 / short put 5,430 / short call 5,430 / long call 5,440","1","expired","-200","200","-100","800","400","8","7.7","8.3","10","","","200","800","5426.7","5473.23"
"Jun 18, 2024 10:00am","Jun 18, 2024 4:00pm","SPX","Invalid date","ironbutterfly","long put 5,465 / short put 5,475 / short call 5,475 / long call 5,485","1","expired","-150","150","-100","850","566.67","8.5","8.1","8.9","10","","","150","850","5480","5487.03"
"Jun 20, 2024 10:00am","Jun 20, 2024 4:00pm","SPX","Invalid date","ironbutterfly","long put 5,475 / short put 5,485 / short call 5,485 / long call 5,495","1","expired","-120","120","-100","880","733.33","8.8","8.45","9.15","10","","","120","880","5501.21","5473.17"
"Jun 21, 2024 10:00am","Jun 21, 2024 4:00pm","SPX","Invalid date","ironbutterfly","long put 5,465 / short put 5,475 / short call 5,475 / long call 5,485","1","expired","-125","125","-100","875","700","8.75","7.75","9.75","10","","","125","875","5460.14","5464.62"
"Jun 24, 2024 10:00am","Jun 24, 2024 4:00pm","SPX","Invalid date","ironbutterfly","long put 5,455 / short put 5,465 / short call 5,465 / long call 5,475","1","expired","-132","132","-100","868","657.58","8.68","8.25","9.1","10","","","132","868","5477.66","5447.87"
"Jun 27, 2024 10:00am","Jun 27, 2024 4:00pm","SPX","Invalid date","ironbutterfly","long put 5,470 / short put 5,480 / short call 5,480 / long call 5,490","1","expired","533","180","296.11","820","455.56","8.2","7.9","8.5","2.87","","","180","820","5483.09","5482.87"
"Jul 2, 2024 10:00am","Jul 2, 2024 4:00pm","SPX","Invalid date","ironbutterfly","long put 5,465 / short put 5,475 / short call 5,475 / long call 5,485","1","expired","-160","160","-100","840","525","8.4","7.7","9.1","10","","","160","840","5471.16","5509.01"
"Jul 5, 2024 10:00am","Jul 5, 2024 4:00pm","SPX","Invalid date","ironbutterfly","long put 5,525 / short put 5,535 / short call 5,535 / long call 5,545","1","expired","-163","163","-100","837","513.5","8.37","7.95","8.8","10","","","163","837","5546.31","5567.19"
"Jul 8, 2024 10:00am","Jul 8, 2024 4:00pm","SPX","Invalid date","ironbutterfly","long put 5,555 / short put 5,565 / short call 5,565 / long call 5,575","1","expired","95","120","79.17","880","733.33","8.8","8.45","9.15","7.85","","","120","880","5580.8","5572.85"
"Jul 9, 2024 10:00am","Jul 9, 2024 4:00pm","SPX","Invalid date","ironbutterfly","long put 5,565 / short put 5,575 / short call 5,575 / long call 5,585","1","expired","682","120","568.33","880","733.33","8.8","8.35","9.25","1.98","","","120","880","5587.05","5576.98"
"Jul 10, 2024 10:00am","Jul 10, 2024 4:00pm","SPX","Invalid date","ironbutterfly","long put 5,565 / short put 5,575 / short call 5,575 / long call 5,585","1","expired","-112","112","-100","888","792.86","8.88","8.5","9.25","10","","","112","888","5592.62","5633.91"
"Jul 11, 2024 10:00am","Jul 11, 2024 4:00pm","SPX","Invalid date","ironbutterfly","long put 5,625 / short put 5,635 / short call 5,635 / long call 5,645","1","expired","-160","160","-100","840","525","8.4","8.1","8.7","10","","","160","840","5638.94","5584.54"
"Jul 15, 2024 10:00am","Jul 15, 2024 4:00pm","SPX","Invalid date","ironbutterfly","long put 5,605 / short put 5,615 / short call 5,615 / long call 5,625","1","expired","-82","82","-100","918","1119.51","9.18","8.85","9.5","10","","","82","918","5638.39","5631.22"
"Jul 16, 2024 10:00am","Jul 16, 2024 4:00pm","SPX","Invalid date","ironbutterfly","long put 5,620 / short put 5,630 / short call 5,630 / long call 5,640","1","expired","-95","95","-100","905","952.63","9.05","8.5","9.6","10","","","95","905","5648.96","5667.2"
"Jul 17, 2024 10:00am","Jul 17, 2024 4:00pm","SPX","Invalid date","ironbutterfly","long put 5,655 / short put 5,665 / short call 5,665 / long call 5,675","1","expired","-43","43","-100","957","2225.58","9.57","9","10.15","10","","","43","957","5616.56","5588.27"
"Jul 18, 2024 10:00am","Jul 18, 2024 4:00pm","SPX","Invalid date","ironbutterfly","long put 5,580 / short put 5,590 / short call 5,590 / long call 5,600","1","expired","-110","110","-100","890","809.09","8.9","8.6","9.2","10","","","110","890","5607.61","5544.59"
"Jul 19, 2024 10:00am","Jul 19, 2024 4:00pm","SPX","Invalid date","ironbutterfly","long put 5,535 / short put 5,545 / short call 5,545 / long call 5,555","1","expired","-105","105","-100","895","852.38","8.95","8.6","9.3","10","","","105","895","5547.05","5505"
"Jul 22, 2024 10:00am","Jul 22, 2024 4:00pm","SPX","Invalid date","ironbutterfly","long put 5,495 / short put 5,505 / short call 5,505 / long call 5,515","1","expired","-42","42","-100","958","2280.95","9.58","8.7","10.45","10","","","42","958","5544.89","5564.41"
"Jul 23, 2024 10:00am","Jul 23, 2024 4:00pm","SPX","Invalid date","ironbutterfly","long put 5,555 / short put 5,565 / short call 5,565 / long call 5,575","1","expired","-61","135","-45.19","865","640.74","8.65","8.2","9.1","9.26","","","135","865","5574.38","5555.74"
"Jul 25, 2024 10:00am","Jul 25, 2024 4:00pm","SPX","Invalid date","ironbutterfly","long put 5,415 / short put 5,425 / short call 5,425 / long call 5,435","1","expired","-100","100","-100","900","900","9","8.6","9.4","10","","","100","900","5415.19","5399.22"
"Jul 29, 2024 10:00am","Jul 29, 2024 4:00pm","SPX","Invalid date","ironbutterfly","long put 5,450 / short put 5,460 / short call 5,460 / long call 5,470","1","expired","576","70","822.86","930","1328.57","9.3","8.9","9.7","3.54","","","70","930","5482.85","5463.54"
"Jul 30, 2024 10:00am","Jul 30, 2024 4:00pm","SPX","Invalid date","ironbutterfly","long put 5,455 / short put 5,465 / short call 5,465 / long call 5,475","1","expired","-95","95","-100","905","952.63","9.05","8.1","10","10","","","95","905","5478.63","5436.44"
"Aug 9, 2024 10:00am","Aug 9, 2024 4:00pm","SPX","Invalid date","ironbutterfly","long put 5,310 / short put 5,320 / short call 5,320 / long call 5,330","1","expired","-65","65","-100","935","1438.46","9.35","8.9","9.8","10","","","65","935","5307.08","5344.16"
"Aug 12, 2024 10:00am","Aug 12, 2024 4:00pm","SPX","Invalid date","ironbutterfly","long put 5,335 / short put 5,345 / short call 5,345 / long call 5,355","1","expired","844","95","888.42","905","952.63","9.05","8.6","9.5","0.61","","","95","905","5328.82","5344.39"
"Aug 13, 2024 10:00am","Aug 13, 2024 4:00pm","SPX","Invalid date","ironbutterfly","long put 5,335 / short put 5,345 / short call 5,345 / long call 5,355","1","expired","-40","40","-100","960","2400","9.6","8.7","10.5","10","","","40","960","5392.47","5434.43"
"Aug 14, 2024 10:00am","Aug 14, 2024 4:00pm","SPX","Invalid date","ironbutterfly","long put 5,425 / short put 5,435 / short call 5,435 / long call 5,445","1","expired","-105","105","-100","895","852.38","8.95","8.5","9.4","10","","","105","895","5428.32","5455.21"
"Aug 19, 2024 10:00am","Aug 19, 2024 4:00pm","SPX","Invalid date","ironbutterfly","long put 5,545 / short put 5,555 / short call 5,555 / long call 5,565","1","expired","-145","145","-100","855","589.66","8.55","8.2","8.9","10","","","145","855","5561.56","5608.25"
"Aug 20, 2024 10:00am","Aug 20, 2024 4:00pm","SPX","Invalid date","ironbutterfly","long put 5,600 / short put 5,610 / short call 5,610 / long call 5,620","1","expired","-130","130","-100","870","669.23","8.7","8.3","9.1","10","","","130","870","5619.5","5597.12"
"Aug 22, 2024 10:00am","Aug 22, 2024 4:00pm","SPX","Invalid date","ironbutterfly","long put 5,610 / short put 5,620 / short call 5,620 / long call 5,630","1","expired","-100","100","-100","900","900","9","8.1","9.9","10","","","100","900","5634.38","5570.64"
"Aug 26, 2024 10:00am","Aug 26, 2024 4:00pm","SPX","Invalid date","ironbutterfly","long put 5,625 / short put 5,635 / short call 5,635 / long call 5,645","1","expired","-135","135","-100","865","640.74","8.65","8.4","8.9","10","","","135","865","5641.46","5616.84"
"Aug 27, 2024 10:00am","Aug 27, 2024 4:00pm","SPX","Invalid date","ironbutterfly","long put 5,605 / short put 5,615 / short call 5,615 / long call 5,625","1","expired","-140","140","-100","860","614.29","8.6","7.8","9.4","10","","","140","860","5609.49","5625.8"
"Aug 28, 2024 10:00am","Aug 28, 2024 4:00pm","SPX","Invalid date","ironbutterfly","long put 5,615 / short put 5,625 / short call 5,625 / long call 5,635","1","expired","-175","175","-100","825","471.43","8.25","8","8.5","10","","","175","825","5621.74","5592.18"
"Aug 29, 2024 10:00am","Aug 29, 2024 4:00pm","SPX","Invalid date","ironbutterfly","long put 5,580 / short put 5,590 / short call 5,590 / long call 5,600","1","expired","729","75","972","925","1233.33","9.25","8.3","10.2","1.96","","","75","925","5621.67","5591.96"
"Sep 6, 2024 10:00am","Sep 6, 2024 4:00pm","SPX","Invalid date","ironbutterfly","long put 5,495 / short put 5,505 / short call 5,505 / long call 5,515","1","expired","-85","85","-100","915","1076.47","9.15","8.8","9.5","10","","","85","915","5486.77","5408.42"
"Sep 10, 2024 10:00am","Sep 10, 2024 4:00pm","SPX","Invalid date","ironbutterfly","long put 5,460 / short put 5,470 / short call 5,470 / long call 5,480","1","expired","-85","85","-100","915","1076.47","9.15","8.6","9.7","10","","","85","915","5484.84","5495.52"
"Sep 11, 2024 10:00am","Sep 11, 2024 4:00pm","SPX","Invalid date","ironbutterfly","long put 5,485 / short put 5,495 / short call 5,495 / long call 5,505","1","expired","-60","60","-100","940","1566.67","9.4","8.4","10.4","10","","","60","940","5455.43","5554.13"
"Sep 12, 2024 10:00am","Sep 12, 2024 4:00pm","SPX","Invalid date","ironbutterfly","long put 5,545 / short put 5,555 / short call 5,555 / long call 5,565","1","expired","-105","105","-100","895","852.38","8.95","8.6","9.3","10","","","105","895","5546.19","5595.76"
"Sep 16, 2024 10:00am","Sep 16, 2024 4:00pm","SPX","Invalid date","ironbutterfly","long put 5,615 / short put 5,625 / short call 5,625 / long call 5,635","1","expired","61","130","46.92","870","669.23","8.7","8.4","9","8.09","","","130","870","5630.05","5633.09"
"Sep 17, 2024 10:00am","Sep 17, 2024 4:00pm","SPX","Invalid date","ironbutterfly","long put 5,625 / short put 5,635 / short call 5,635 / long call 5,645","1","expired","863","95","908.42","905","952.63","9.05","8.6","9.5","0.42","","","95","905","5649.45","5634.58"
"Sep 18, 2024 10:00am","Sep 18, 2024 4:00pm","SPX","Invalid date","ironbutterfly","long put 5,625 / short put 5,635 / short call 5,635 / long call 5,645","1","expired","-50","50","-100","950","1900","9.5","9.2","9.8","10","","","50","950","5635.22","5618.26"
"Sep 20, 2024 10:00am","Sep 20, 2024 4:00pm","SPX","Invalid date","ironbutterfly","long put 5,705 / short put 5,715 / short call 5,715 / long call 5,725","1","expired","-115","115","-100","885","769.57","8.85","8.4","9.3","10","","","115","885","5693.2","5702.55"
"Sep 23, 2024 10:00am","Sep 23, 2024 4:00pm","SPX","Invalid date","ironbutterfly","long put 5,695 / short put 5,705 / short call 5,705 / long call 5,715","1","expired","-140","140","-100","860","614.29","8.6","8.3","8.9","10","","","140","860","5709.77","5718.57"
"Sep 24, 2024 10:00am","Sep 24, 2024 4:00pm","SPX","Invalid date","ironbutterfly","long put 5,710 / short put 5,720 / short call 5,720 / long call 5,730","1","expired","-180","180","-100","820","455.56","8.2","7.7","8.7","10","","","180","820","5714.74","5732.93"
"Sep 25, 2024 10:00am","Sep 25, 2024 4:00pm","SPX","Invalid date","ironbutterfly","long put 5,725 / short put 5,735 / short call 5,735 / long call 5,745","1","expired","-185","185","-100","815","440.54","8.15","7.7","8.6","10","","","185","815","5737.4","5722.26"
"Sep 30, 2024 10:00am","Sep 30, 2024 4:00pm","SPX","Invalid date","ironbutterfly","long put 5,730 / short put 5,740 / short call 5,740 / long call 5,750","1","expired","-165","165","-100","835","506.06","8.35","8","8.7","10","","","165","835","5728.36","5762.48"
"Oct 2, 2024 10:00am","Oct 2, 2024 4:00pm","SPX","Invalid date","ironbutterfly","long put 5,700 / short put 5,710 / short call 5,710 / long call 5,720","1","expired","849","105","808.57","895","852.38","8.95","8.6","9.3","0.46","","","105","895","5693.5","5709.54"
"Oct 4, 2024 10:00am","Oct 4, 2024 4:00pm","SPX","Invalid date","ironbutterfly","long put 5,690 / short put 5,700 / short call 5,700 / long call 5,710","1","expired","-60","60","-100","940","1566.67","9.4","8.8","10","10","","","60","940","5721.07","5751.07"
"Oct 7, 2024 10:00am","Oct 7, 2024 4:00pm","SPX","Invalid date","ironbutterfly","long put 5,740 / short put 5,750 / short call 5,750 / long call 5,760","1","expired","-117","117","-100","883","754.7","8.83","8.4","9.25","10","","","117","883","5728.4","5695.94"
"Oct 8, 2024 10:00am","Oct 8, 2024 4:00pm","SPX","Invalid date","ironbutterfly","long put 5,685 / short put 5,695 / short call 5,695 / long call 5,705","1","expired","-50","50","-100","950","1900","9.5","9","10","10","","","50","950","5727.26","5751.13"
"Oct 9, 2024 10:00am","Oct 9, 2024 4:00pm","SPX","Invalid date","ironbutterfly","long put 5,740 / short put 5,750 / short call 5,750 / long call 5,760","1","expired","-135","135","-100","865","640.74","8.65","8.3","9","10","","","135","865","5754.77","5792.04"
"Oct 10, 2024 10:00am","Oct 10, 2024 4:00pm","SPX","Invalid date","ironbutterfly","long put 5,780 / short put 5,790 / short call 5,790 / long call 5,800","1","expired","-143","148","-96.62","852","575.68","8.52","8.05","9","9.95","","","148","852","5774.47","5780.05"
"Oct 14, 2024 10:00am","Oct 14, 2024 4:00pm","SPX","Invalid date","ironbutterfly","long put 5,805 / short put 5,815 / short call 5,815 / long call 5,825","1","expired","-40","40","-100","960","2400","9.6","9.05","10.15","10","","","40","960","5853.02","5859.85"
"Oct 15, 2024 10:00am","Oct 15, 2024 4:00pm","SPX","Invalid date","ironbutterfly","long put 5,850 / short put 5,860 / short call 5,860 / long call 5,870","1","expired","-175","175","-100","825","471.43","8.25","7.9","8.6","10","","","175","825","5860.51","5815.26"
"Oct 16, 2024 10:00am","Oct 16, 2024 4:00pm","SPX","Invalid date","ironbutterfly","long put 5,805 / short put 5,815 / short call 5,815 / long call 5,825","1","expired","-165","165","-100","835","506.06","8.35","8","8.7","10","","","165","835","5810.29","5842.47"
"Oct 17, 2024 10:00am","Oct 17, 2024 4:00pm","SPX","Invalid date","ironbutterfly","long put 5,830 / short put 5,840 / short call 5,840 / long call 5,850","1","expired","783","70","1118.57","930","1328.57","9.3","8.7","9.9","1.47","","","70","930","5859.09","5841.47"
"Oct 18, 2024 10:00am","Oct 18, 2024 4:00pm","SPX","Invalid date","ironbutterfly","long put 5,830 / short put 5,840 / short call 5,840 / long call 5,850","1","expired","-130","130","-100","870","669.23","8.7","8.4","9","10","","","130","870","5851.21","5864.67"
"Oct 21, 2024 10:00am","Oct 21, 2024 4:00pm","SPX","Invalid date","ironbutterfly","long put 5,855 / short put 5,865 / short call 5,865 / long call 5,875","1","expired","-218","218","-100","782","358.72","7.82","7.55","8.1","10","","","218","782","5859.73","5853.98"
"Oct 22, 2024 10:00am","Oct 22, 2024 4:00pm","SPX","Invalid date","ironbutterfly","long put 5,845 / short put 5,855 / short call 5,855 / long call 5,865","1","expired","497","123","404.07","877","713.01","8.77","8.05","9.5","3.8","","","123","877","5832.47","5851.2"
"Oct 23, 2024 10:00am","Oct 23, 2024 4:00pm","SPX","Invalid date","ironbutterfly","long put 5,840 / short put 5,850 / short call 5,850 / long call 5,860","1","expired","-85","85","-100","915","1076.47","9.15","8.15","10.15","10","","","85","915","5831.4","5797.42"
"Oct 24, 2024 10:00am","Oct 24, 2024 4:00pm","SPX","Invalid date","ironbutterfly","long put 5,785 / short put 5,795 / short call 5,795 / long call 5,805","1","expired","-105","105","-100","895","852.38","8.95","8.4","9.5","10","","","105","895","5812.92","5809.86"
"Oct 28, 2024 10:00am","Oct 28, 2024 4:00pm","SPX","Invalid date","ironbutterfly","long put 5,800 / short put 5,810 / short call 5,810 / long call 5,820","1","expired","-72","72","-100","928","1288.89","9.28","9","9.55","10","","","72","928","5833.19","5823.52"
"Oct 30, 2024 10:00am","Oct 30, 2024 4:00pm","SPX","Invalid date","ironbutterfly","long put 5,825 / short put 5,835 / short call 5,835 / long call 5,845","1","expired","-185","185","-100","815","440.54","8.15","7.8","8.5","10","","","185","815","5836.92","5813.67"
"Nov 4, 2024 10:00am","Nov 4, 2024 4:00pm","SPX","Invalid date","ironbutterfly","long put 5,720 / short put 5,730 / short call 5,730 / long call 5,740","1","expired","-115","115","-100","885","769.57","8.85","8.1","9.6","10","","","115","885","5732.59","5712.69"
"Nov 7, 2024 10:00am","Nov 7, 2024 4:00pm","SPX","Invalid date","ironbutterfly","long put 5,920 / short put 5,930 / short call 5,930 / long call 5,940","1","expired","-75","75","-100","925","1233.33","9.25","8.9","9.6","10","","","75","925","5958.39","5973.1"
"Nov 8, 2024 10:00am","Nov 8, 2024 4:00pm","SPX","Invalid date","ironbutterfly","long put 5,965 / short put 5,975 / short call 5,975 / long call 5,985","1","expired","-133","133","-100","867","651.88","8.67","7.95","9.4","10","","","133","867","5988.89","5995.54"
"Nov 11, 2024 10:00am","Nov 11, 2024 4:00pm","SPX","Invalid date","ironbutterfly","long put 5,985 / short put 5,995 / short call 5,995 / long call 6,005","1","expired","240","125","192","875","700","8.75","8.4","9.1","6.35","","","125","875","6007.78","6001.35"
"Nov 12, 2024 10:00am","Nov 12, 2024 4:00pm","SPX","Invalid date","ironbutterfly","long put 5,990 / short put 6,000 / short call 6,000 / long call 6,010","1","expired","-170","170","-100","830","488.24","8.3","7.9","8.7","10","","","170","830","6006.87","5983.99"
"Nov 13, 2024 10:00am","Nov 13, 2024 4:00pm","SPX","Invalid date","ironbutterfly","long put 5,975 / short put 5,985 / short call 5,985 / long call 5,995","1","expired","807","155","520.65","845","545.16","8.45","8.2","8.7","0.38","","","155","845","5987.63","5985.38"
"Nov 14, 2024 10:00am","Nov 14, 2024 4:00pm","SPX","Invalid date","ironbutterfly","long put 5,975 / short put 5,985 / short call 5,985 / long call 5,995","1","expired","-160","160","-100","840","525","8.4","8.1","8.7","10","","","160","840","5979.78","5949.17"
"Nov 18, 2024 10:00am","Nov 18, 2024 4:00pm","SPX","Invalid date","ironbutterfly","long put 5,860 / short put 5,870 / short call 5,870 / long call 5,880","1","expired","-165","165","-100","835","506.06","8.35","8","8.7","10","","","165","835","5869.83","5893.62"
"Nov 19, 2024 10:00am","Nov 19, 2024 4:00pm","SPX","Invalid date","ironbutterfly","long put 5,885 / short put 5,895 / short call 5,895 / long call 5,905","1","expired","-115","115","-100","885","769.57","8.85","8.05","9.65","10","","","115","885","5866.56","5916.98"
"Nov 20, 2024 10:00am","Nov 20, 2024 4:00pm","SPX","Invalid date","ironbutterfly","long put 5,905 / short put 5,915 / short call 5,915 / long call 5,925","1","expired","684","105","651.43","895","852.38","8.95","8.45","9.45","2.11","","","105","895","5887.74","5917.11"
"Nov 21, 2024 10:00am","Nov 21, 2024 4:00pm","SPX","Invalid date","ironbutterfly","long put 5,905 / short put 5,915 / short call 5,915 / long call 5,925","1","expired","-105","105","-100","895","852.38","8.95","8.4","9.5","10","","","105","895","5911.24","5948.71"
"Nov 25, 2024 10:00am","Nov 25, 2024 4:00pm","SPX","Invalid date","ironbutterfly","long put 5,960 / short put 5,970 / short call 5,970 / long call 5,980","1","expired","-46","46","-100","954","2073.91","9.54","8.65","10.45","10","","","46","954","6005.56","5987.37"
"Nov 27, 2024 10:00am","Nov 27, 2024 4:00pm","SPX","Invalid date","ironbutterfly","long put 6,010 / short put 6,020 / short call 6,020 / long call 6,030","1","expired","-200","200","-100","800","400","8","7.2","8.8","10","","","200","800","6016.86","5998.74"
"Dec 3, 2024 10:00am","Dec 3, 2024 4:00pm","SPX","Invalid date","ironbutterfly","long put 6,035 / short put 6,045 / short call 6,045 / long call 6,055","1","expired","327","185","176.76","815","440.54","8.15","7.5","8.8","4.88","","","185","815","6045.05","6049.88"
"Dec 4, 2024 10:00am","Dec 4, 2024 4:00pm","SPX","Invalid date","ironbutterfly","long put 6,040 / short put 6,050 / short call 6,050 / long call 6,060","1","expired","-88","88","-100","912","1036.36","9.12","8.35","9.9","10","","","88","912","6069.46","6086.49"
"Dec 5, 2024 10:00am","Dec 5, 2024 4:00pm","SPX","Invalid date","ironbutterfly","long put 6,075 / short put 6,085 / short call 6,085 / long call 6,095","1","expired","-211","222","-95.04","778","350.45","7.78","7.55","8","9.89","","","222","778","6089.45","6075.11"
"Dec 9, 2024 10:00am","Dec 9, 2024 4:00pm","SPX","Invalid date","ironbutterfly","long put 6,080 / short put 6,090 / short call 6,090 / long call 6,100","1","expired","-268","268","-100","732","273.13","7.32","7.05","7.6","10","","","268","732","6084.67","6052.85"
"Dec 10, 2024 10:00am","Dec 10, 2024 4:00pm","SPX","Invalid date","ironbutterfly","long put 6,045 / short put 6,055 / short call 6,055 / long call 6,065","1","expired","-205","205","-100","795","387.8","7.95","7.65","8.25","10","","","205","795","6061.04","6034.91"
"Dec 12, 2024 10:00am","Dec 12, 2024 4:00pm","SPX","Invalid date","ironbutterfly","long put 6,075 / short put 6,085 / short call 6,085 / long call 6,095","1","expired","-180","180","-100","820","455.56","8.2","7.9","8.5","10","","","180","820","6070.95","6051.25"
"Dec 13, 2024 10:00am","Dec 13, 2024 4:00pm","SPX","Invalid date","ironbutterfly","long put 6,040 / short put 6,050 / short call 6,050 / long call 6,060","1","expired","782","109","717.43","891","817.43","8.91","8.6","9.2","1.09","","","109","891","6069.63","6051.09"
"Dec 16, 2024 10:00am","Dec 16, 2024 4:00pm","SPX","Invalid date","ironbutterfly","long put 6,040 / short put 6,050 / short call 6,050 / long call 6,060","1","expired","-105","105","-100","895","852.38","8.95","8.65","9.25","10","","","105","895","6070.64","6074.08"
"Dec 17, 2024 10:00am","Dec 17, 2024 4:00pm","SPX","Invalid date","ironbutterfly","long put 6,065 / short put 6,075 / short call 6,075 / long call 6,085","1","expired","-102","102","-100","898","880.39","8.98","8.5","9.45","10","","","102","898","6049.63","6050.61"
"Dec 18, 2024 10:00am","Dec 18, 2024 4:00pm","SPX","Invalid date","ironbutterfly","long put 6,040 / short put 6,050 / short call 6,050 / long call 6,060","1","expired","-95","95","-100","905","952.63","9.05","8.8","9.3","10","","","95","905","6053.22","5872.16"
"Dec 19, 2024 10:00am","Dec 19, 2024 4:00pm","SPX","Invalid date","ironbutterfly","long put 5,860 / short put 5,870 / short call 5,870 / long call 5,880","1","expired","663","45","1473.33","955","2122.22","9.55","8.7","10.4","2.92","","","45","955","5909.78","5867.08"
"Dec 20, 2024 10:00am","Dec 20, 2024 4:00pm","SPX","Invalid date","ironbutterfly","long put 5,855 / short put 5,865 / short call 5,865 / long call 5,875","1","expired","-80","80","-100","920","1150","9.2","8.2","10.2","10","","","80","920","5845.99","5930.85"
"Dec 26, 2024 10:00am","Dec 26, 2024 4:00pm","SPX","Invalid date","ironbutterfly","long put 6,030 / short put 6,040 / short call 6,040 / long call 6,050","1","expired","619","140","442.14","860","614.29","8.6","8.35","8.85","2.41","","","140","860","6024.18","6037.59"
"Dec 31, 2024 10:00am","Dec 31, 2024 4:00pm","SPX","Invalid date","ironbutterfly","long put 5,895 / short put 5,905 / short call 5,905 / long call 5,915","1","expired","-70","70","-100","930","1328.57","9.3","8.9","9.7","10","","","70","930","5923.75","5881.63"
"Jan 7, 2025 10:00am","Jan 7, 2025 4:00pm","SPX","Invalid date","ironbutterfly","long put 5,965 / short put 5,975 / short call 5,975 / long call 5,985","1","expired","-105","105","-100","895","852.38","8.95","8","9.9","10","","","105","895","5985.92","5909.03"
"Jan 8, 2025 10:00am","Jan 8, 2025 4:00pm","SPX","Invalid date","ironbutterfly","long put 5,900 / short put 5,910 / short call 5,910 / long call 5,920","1","expired","75","100","75","900","900","9","8.5","9.5","8.25","","","100","900","5895.33","5918.25"
"Jan 13, 2025 10:00am","Jan 13, 2025 4:00pm","SPX","Invalid date","ironbutterfly","long put 5,815 / short put 5,825 / short call 5,825 / long call 5,835","1","expired","-85","85","-100","915","1076.47","9.15","8.7","9.6","10","","","85","915","5799.68","5836.22"
"Jan 14, 2025 10:00am","Jan 14, 2025 4:00pm","SPX","Invalid date","ironbutterfly","long put 5,825 / short put 5,835 / short call 5,835 / long call 5,845","1","expired","129","80","161.25","920","1150","9.2","8.9","9.5","7.91","","","80","920","5844.59","5842.91"
"Jan 16, 2025 10:00am","Jan 16, 2025 4:00pm","SPX","Invalid date","ironbutterfly","long put 5,940 / short put 5,950 / short call 5,950 / long call 5,960","1","expired","-120","120","-100","880","733.33","8.8","8.5","9.1","10","","","120","880","5941.97","5937.34"
"Jan 17, 2025 10:00am","Jan 17, 2025 4:00pm","SPX","Invalid date","ironbutterfly","long put 5,925 / short put 5,935 / short call 5,935 / long call 5,945","1","expired","-37","37","-100","963","2602.7","9.63","8.85","10.4","10","","","37","963","5985.63","5996.66"
"Jan 21, 2025 10:00am","Jan 21, 2025 4:00pm","SPX","Invalid date","ironbutterfly","long put 5,985 / short put 5,995 / short call 5,995 / long call 6,005","1","expired","-58","58","-100","942","1624.14","9.42","9","9.85","10","","","58","942","6025.24","6049.24"
"Jan 22, 2025 10:00am","Jan 22, 2025 4:00pm","SPX","Invalid date","ironbutterfly","long put 6,040 / short put 6,050 / short call 6,050 / long call 6,060","1","expired","-46","46","-100","954","2073.91","9.54","9.1","10","10","","","46","954","6087.31","6086.37"
"Jan 23, 2025 10:00am","Jan 23, 2025 4:00pm","SPX","Invalid date","ironbutterfly","long put 6,075 / short put 6,085 / short call 6,085 / long call 6,095","1","expired","-190","190","-100","810","426.32","8.1","7.8","8.4","10","","","190","810","6084.71","6118.71"
"Jan 24, 2025 10:00am","Jan 24, 2025 4:00pm","SPX","Invalid date","ironbutterfly","long put 6,110 / short put 6,120 / short call 6,120 / long call 6,130","1","expired","-155","155","-100","845","545.16","8.45","7.8","9.1","10","","","155","845","6124.1","6101.24"
"Jan 28, 2025 10:00am","Jan 28, 2025 4:00pm","SPX","Invalid date","ironbutterfly","long put 6,000 / short put 6,010 / short call 6,010 / long call 6,020","1","expired","-70","70","-100","930","1328.57","9.3","8.4","10.2","10","","","70","930","6011.54","6067.7"
"Jan 29, 2025 10:00am","Jan 29, 2025 4:00pm","SPX","Invalid date","ironbutterfly","long put 6,060 / short put 6,070 / short call 6,070 / long call 6,080","1","expired","-95","95","-100","905","952.63","9.05","8.7","9.4","10","","","95","905","6054.93","6039.31"
"Jan 30, 2025 10:00am","Jan 30, 2025 4:00pm","SPX","Invalid date","ironbutterfly","long put 6,030 / short put 6,040 / short call 6,040 / long call 6,050","1","expired","-70","70","-100","930","1328.57","9.3","8.75","9.85","10","","","70","930","6069.22","6071.17"
"Jan 31, 2025 10:00am","Jan 31, 2025 4:00pm","SPX","Invalid date","ironbutterfly","long put 6,060 / short put 6,070 / short call 6,070 / long call 6,080","1","expired","-60","60","-100","940","1566.67","9.4","8.85","9.95","10","","","60","940","6102.27","6040.53"
"Feb 4, 2025 10:00am","Feb 4, 2025 4:00pm","SPX","Invalid date","ironbutterfly","long put 5,985 / short put 5,995 / short call 5,995 / long call 6,005","1","expired","-110","110","-100","890","809.09","8.9","7.9","9.9","10","","","110","890","6009.53","6037.88"
"Feb 6, 2025 10:00am","Feb 6, 2025 4:00pm","SPX","Invalid date","ironbutterfly","long put 6,050 / short put 6,060 / short call 6,060 / long call 6,070","1","expired","-120","120","-100","880","733.33","8.8","8.4","9.2","10","","","120","880","6073.03","6083.57"
"Feb 10, 2025 10:00am","Feb 10, 2025 4:00pm","SPX","Invalid date","ironbutterfly","long put 6,015 / short put 6,025 / short call 6,025 / long call 6,035","1","expired","-65","65","-100","935","1438.46","9.35","9","9.7","10","","","65","935","6054.02","6066.44"
"Feb 11, 2025 10:00am","Feb 11, 2025 4:00pm","SPX","Invalid date","ironbutterfly","long put 6,055 / short put 6,065 / short call 6,065 / long call 6,075","1","expired","525","125","420","875","700","8.75","8","9.5","3.5","","","125","875","6052.47","6068.5"
"Feb 12, 2025 10:00am","Feb 12, 2025 4:00pm","SPX","Invalid date","ironbutterfly","long put 6,060 / short put 6,070 / short call 6,070 / long call 6,080","1","expired","-79","79","-100","921","1165.82","9.21","8.7","9.7","10","","","79","921","6031.82","6051.97"
"Feb 13, 2025 10:00am","Feb 13, 2025 4:00pm","SPX","Invalid date","ironbutterfly","long put 6,040 / short put 6,050 / short call 6,050 / long call 6,060","1","expired","-90","90","-100","910","1011.11","9.1","8.7","9.5","10","","","90","910","6067.45","6115.07"
"Feb 14, 2025 10:00am","Feb 14, 2025 4:00pm","SPX","Invalid date","ironbutterfly","long put 6,105 / short put 6,115 / short call 6,115 / long call 6,125","1","expired","838","125","670.4","875","700","8.75","8.5","9","0.37","","","125","875","6120.86","6114.63"
"Feb 18, 2025 10:00am","Feb 18, 2025 4:00pm","SPX","Invalid date","ironbutterfly","long put 6,105 / short put 6,115 / short call 6,115 / long call 6,125","1","expired","-155","155","-100","845","545.16","8.45","8.2","8.7","10","","","155","845","6115.58","6129.58"
"Feb 19, 2025 10:00am","Feb 19, 2025 4:00pm","SPX","Invalid date","ironbutterfly","long put 6,120 / short put 6,130 / short call 6,130 / long call 6,140","1","expired","-168","168","-100","832","495.24","8.32","8","8.65","10","","","168","832","6115.35","6144.15"
"Feb 20, 2025 10:00am","Feb 20, 2025 4:00pm","SPX","Invalid date","ironbutterfly","long put 6,135 / short put 6,145 / short call 6,145 / long call 6,155","1","expired","-43","43","-100","957","2225.58","9.57","8.6","10.55","10","","","43","957","6097.74","6117.52"
"Feb 24, 2025 10:00am","Feb 24, 2025 4:00pm","SPX","Invalid date","ironbutterfly","long put 6,005 / short put 6,015 / short call 6,015 / long call 6,025","1","expired","-105","105","-100","895","852.38","8.95","8.4","9.5","10","","","105","895","5999.72","5983.25"
"Feb 26, 2025 10:00am","Feb 26, 2025 4:00pm","SPX","Invalid date","ironbutterfly","long put 5,945 / short put 5,955 / short call 5,955 / long call 5,965","1","expired","834","60","1390","940","1566.67","9.4","8.6","10.2","1.06","","","60","940","5990.62","5956.06"
"Feb 27, 2025 10:00am","Feb 27, 2025 4:00pm","SPX","Invalid date","ironbutterfly","long put 5,945 / short put 5,955 / short call 5,955 / long call 5,965","1","expired","-75","75","-100","925","1233.33","9.25","8.7","9.8","10","","","75","925","5937.02","5861.57"
"Feb 28, 2025 10:00am","Feb 28, 2025 4:00pm","SPX","Invalid date","ironbutterfly","long put 5,850 / short put 5,860 / short call 5,860 / long call 5,870","1","expired","-60","60","-100","940","1566.67","9.4","9","9.8","10","","","60","940","5871.87","5954.5"
"Mar 7, 2025 10:00am","Mar 7, 2025 4:00pm","SPX","Invalid date","ironbutterfly","long put 5,730 / short put 5,740 / short call 5,740 / long call 5,750","1","expired","-50","50","-100","950","1900","9.5","9","10","10","","","50","950","5749.2","5770.2"
"Mar 12, 2025 10:00am","Mar 12, 2025 4:00pm","SPX","Invalid date","ironbutterfly","long put 5,560 / short put 5,570 / short call 5,570 / long call 5,580","1","expired","-45","45","-100","955","2122.22","9.55","9.1","10","10","","","45","955","5603.84","5599.3"
"Mar 13, 2025 10:00am","Mar 13, 2025 4:00pm","SPX","Invalid date","ironbutterfly","long put 5,590 / short put 5,600 / short call 5,600 / long call 5,610","1","expired","-50","50","-100","950","1900","9.5","9","10","10","","","50","950","5557.67","5521.52"
"Mar 17, 2025 10:00am","Mar 17, 2025 4:00pm","SPX","Invalid date","ironbutterfly","long put 5,630 / short put 5,640 / short call 5,640 / long call 5,650","1","expired","-55","55","-100","945","1718.18","9.45","9","9.9","10","","","55","945","5663.06","5675.12"
"Mar 19, 2025 10:00am","Mar 19, 2025 4:00pm","SPX","Invalid date","ironbutterfly","long put 5,605 / short put 5,615 / short call 5,615 / long call 5,625","1","expired","-40","40","-100","960","2400","9.6","9.1","10.1","10","","","40","960","5646.45","5675.29"
"Mar 20, 2025 10:00am","Mar 20, 2025 4:00pm","SPX","Invalid date","ironbutterfly","long put 5,665 / short put 5,675 / short call 5,675 / long call 5,685","1","expired","-65","65","-100","935","1438.46","9.35","8.4","10.3","10","","","65","935","5672.89","5662.89"
"Mar 21, 2025 10:00am","Mar 21, 2025 4:00pm","SPX","Invalid date","ironbutterfly","long put 5,655 / short put 5,665 / short call 5,665 / long call 5,675","1","expired","689","55","1252.73","945","1718.18","9.45","8.8","10.1","2.56","","","55","945","5621.22","5667.56"
"Mar 25, 2025 10:00am","Mar 25, 2025 4:00pm","SPX","Invalid date","ironbutterfly","long put 5,760 / short put 5,770 / short call 5,770 / long call 5,780","1","expired","205","130","157.69","870","669.23","8.7","8.2","9.2","6.65","","","130","870","5770.58","5776.65"
"Mar 26, 2025 10:00am","Mar 26, 2025 4:00pm","SPX","Invalid date","ironbutterfly","long put 5,765 / short put 5,775 / short call 5,775 / long call 5,785","1","expired","-130","130","-100","870","669.23","8.7","8.3","9.1","10","","","130","870","5758.76","5712.2"
"Mar 27, 2025 10:00am","Mar 27, 2025 4:00pm","SPX","Invalid date","ironbutterfly","long put 5,700 / short put 5,710 / short call 5,710 / long call 5,720","1","expired","-95","95","-100","905","952.63","9.05","8.6","9.5","10","","","95","905","5705.62","5693.31"
"Apr 15, 2025 10:00am","Apr 15, 2025 4:00pm","SPX","Invalid date","ironbutterfly","long put 5,395 / short put 5,405 / short call 5,405 / long call 5,415","1","expired","108","55","196.36","945","1718.18","9.45","8.9","10","8.37","","","55","945","5433.57","5396.63"
"Apr 17, 2025 10:00am","Apr 17, 2025 4:00pm","SPX","Invalid date","ironbutterfly","long put 5,265 / short put 5,275 / short call 5,275 / long call 5,285","1","expired","180","50","360","950","1900","9.5","9","10","7.7","","","50","950","5302.8","5282.7"
"Apr 24, 2025 10:00am","Apr 24, 2025 4:00pm","SPX","Invalid date","ironbutterfly","long put 5,365 / short put 5,375 / short call 5,375 / long call 5,385","1","expired","-45","45","-100","955","2122.22","9.55","9.1","10","10","","","45","955","5413.13","5484.77"
"Apr 28, 2025 10:00am","Apr 28, 2025 4:00pm","SPX","Invalid date","ironbutterfly","long put 5,515 / short put 5,525 / short call 5,525 / long call 5,535","1","expired","540","85","635.29","915","1076.47","9.15","8.7","9.6","3.75","","","85","915","5521.47","5528.75"
"May 7, 2025 10:00am","May 7, 2025 4:00pm","SPX","Invalid date","ironbutterfly","long put 5,595 / short put 5,605 / short call 5,605 / long call 5,615","1","expired","-60","60","-100","940","1566.67","9.4","8.7","10.1","10","","","60","940","5631.41","5631.28"
"May 8, 2025 10:00am","May 8, 2025 4:00pm","SPX","Invalid date","ironbutterfly","long put 5,620 / short put 5,630 / short call 5,630 / long call 5,640","1","expired","-70","70","-100","930","1328.57","9.3","8.6","10","10","","","70","930","5659.53","5663.94"
"May 9, 2025 10:00am","May 9, 2025 4:00pm","SPX","Invalid date","ironbutterfly","long put 5,655 / short put 5,665 / short call 5,665 / long call 5,675","1","expired","411","80","513.75","920","1150","9.2","8.7","9.7","5.09","","","80","920","5686.68","5659.91"
"May 13, 2025 10:00am","May 13, 2025 4:00pm","SPX","Invalid date","ironbutterfly","long put 5,835 / short put 5,845 / short call 5,845 / long call 5,855","1","expired","-80","80","-100","920","1150","9.2","8.7","9.7","10","","","80","920","5869.72","5886.55"
"May 14, 2025 10:00am","May 14, 2025 4:00pm","SPX","Invalid date","ironbutterfly","long put 5,875 / short put 5,885 / short call 5,885 / long call 5,895","1","expired","142","100","142","900","900","9","8.7","9.3","7.58","","","100","900","5892.33","5892.58"
"May 15, 2025 10:00am","May 15, 2025 4:00pm","SPX","Invalid date","ironbutterfly","long put 5,885 / short put 5,895 / short call 5,895 / long call 5,905","1","expired","-120","120","-100","880","733.33","8.8","8.3","9.3","10","","","120","880","5876.27","5916.93"
"May 19, 2025 10:00am","May 19, 2025 4:00pm","SPX","Invalid date","ironbutterfly","long put 5,950 / short put 5,960 / short call 5,960 / long call 5,970","1","expired","560","80","700","920","1150","9.2","8.45","9.95","3.6","","","80","920","5925.52","5963.6"
"May 20, 2025 10:00am","May 20, 2025 4:00pm","SPX","Invalid date","ironbutterfly","long put 5,955 / short put 5,965 / short call 5,965 / long call 5,975","1","expired","-110","110","-100","890","809.09","8.9","8.4","9.4","10","","","110","890","5942.39","5940.46"
"May 21, 2025 10:00am","May 21, 2025 4:00pm","SPX","Invalid date","ironbutterfly","long put 5,930 / short put 5,940 / short call 5,940 / long call 5,950","1","expired","-95","95","-100","905","952.63","9.05","8.5","9.6","10","","","95","905","5911.73","5844.61"
"May 22, 2025 10:00am","May 22, 2025 4:00pm","SPX","Invalid date","ironbutterfly","long put 5,835 / short put 5,845 / short call 5,845 / long call 5,855","1","expired","611","90","678.89","910","1011.11","9.1","8.5","9.7","2.99","","","90","910","5855.32","5842.01"
"May 28, 2025 10:00am","May 28, 2025 4:00pm","SPX","Invalid date","ironbutterfly","long put 5,910 / short put 5,920 / short call 5,920 / long call 5,930","1","expired","-130","130","-100","870","669.23","8.7","8.3","9.1","10","","","130","870","5920.24","5888.55"
"May 29, 2025 10:00am","May 29, 2025 4:00pm","SPX","Invalid date","ironbutterfly","long put 5,880 / short put 5,890 / short call 5,890 / long call 5,900","1","expired","-65","65","-100","935","1438.46","9.35","8.7","10","10","","","65","935","5924.7","5912.17"
"Jun 5, 2025 10:00am","Jun 5, 2025 4:00pm","SPX","Invalid date","ironbutterfly","long put 5,960 / short put 5,970 / short call 5,970 / long call 5,980","1","expired","-80","80","-100","920","1150","9.2","8.8","9.6","10","","","80","920","5952.11","5939.3"
"Jun 9, 2025 10:00am","Jun 9, 2025 4:00pm","SPX","Invalid date","ironbutterfly","long put 5,990 / short put 6,000 / short call 6,000 / long call 6,010","1","expired","282","130","216.92","870","669.23","8.7","8.4","9","5.88","","","130","870","5999.2","6005.88"
"Jun 10, 2025 10:00am","Jun 10, 2025 4:00pm","SPX","Invalid date","ironbutterfly","long put 5,995 / short put 6,005 / short call 6,005 / long call 6,015","1","expired","-120","120","-100","880","733.33","8.8","8.5","9.1","10","","","120","880","6014.92","6038.81"
"Jun 11, 2025 10:00am","Jun 11, 2025 4:00pm","SPX","Invalid date","ironbutterfly","long put 6,030 / short put 6,040 / short call 6,040 / long call 6,050","1","expired","-125","125","-100","875","700","8.75","8.4","9.1","10","","","125","875","6045.74","6022.24"
"Jun 12, 2025 10:00am","Jun 12, 2025 4:00pm","SPX","Invalid date","ironbutterfly","long put 6,010 / short put 6,020 / short call 6,020 / long call 6,030","1","expired","-135","135","-100","865","640.74","8.65","8.4","8.9","10","","","135","865","6017.63","6045.26"
"Jun 17, 2025 10:00am","Jun 17, 2025 4:00pm","SPX","Invalid date","ironbutterfly","long put 6,025 / short put 6,035 / short call 6,035 / long call 6,045","1","expired","-145","145","-100","855","589.66","8.55","8","9.1","10","","","145","855","6015.59","5982.72"
"Jun 18, 2025 10:00am","Jun 18, 2025 4:00pm","SPX","Invalid date","ironbutterfly","long put 5,975 / short put 5,985 / short call 5,985 / long call 5,995","1","expired","512","75","682.67","925","1233.33","9.25","8.8","9.7","4.13","","","75","925","5997.91","5980.87"
"Jun 20, 2025 10:00am","Jun 20, 2025 4:00pm","SPX","Invalid date","ironbutterfly","long put 5,970 / short put 5,980 / short call 5,980 / long call 5,990","1","expired","-105","105","-100","895","852.38","8.95","8.5","9.4","10","","","105","895","5996.94","5967.84"
"Jun 23, 2025 10:00am","Jun 23, 2025 4:00pm","SPX","Invalid date","ironbutterfly","long put 5,960 / short put 5,970 / short call 5,970 / long call 5,980","1","expired","-70","70","-100","930","1328.57","9.3","8.7","9.9","10","","","70","930","5989.87","6025.17"
"Jun 25, 2025 10:00am","Jun 25, 2025 4:00pm","SPX","Invalid date","ironbutterfly","long put 6,080 / short put 6,090 / short call 6,090 / long call 6,100","1","expired","654","130","503.08","870","669.23","8.7","7.8","9.6","2.16","","","130","870","6106.08","6092.16"
"Jun 26, 2025 10:00am","Jun 26, 2025 4:00pm","SPX","Invalid date","ironbutterfly","long put 6,080 / short put 6,090 / short call 6,090 / long call 6,100","1","expired","-80","80","-100","920","1150","9.2","8.65","9.75","10","","","80","920","6115.83","6141.02"
"Jun 30, 2025 10:00am","Jun 30, 2025 4:00pm","SPX","Invalid date","ironbutterfly","long put 6,165 / short put 6,175 / short call 6,175 / long call 6,185","1","expired","-115","115","-100","885","769.57","8.85","8.6","9.1","10","","","115","885","6187.78","6204.95"
"Jul 2, 2025 10:00am","Jul 2, 2025 4:00pm","SPX","Invalid date","ironbutterfly","long put 6,190 / short put 6,200 / short call 6,200 / long call 6,210","1","expired","-185","185","-100","815","440.54","8.15","7.9","8.4","10","","","185","815","6196.18","6227.42"
"Jul 7, 2025 10:00am","Jul 7, 2025 4:00pm","SPX","Invalid date","ironbutterfly","long put 6,270 / short put 6,280 / short call 6,280 / long call 6,290","1","expired","-140","140","-100","860","614.29","8.6","8.25","8.95","10","","","140","860","6258.81","6229.98"
"Jul 8, 2025 10:00am","Jul 8, 2025 4:00pm","SPX","Invalid date","ironbutterfly","long put 6,220 / short put 6,230 / short call 6,230 / long call 6,240","1","expired","397","155","256.13","845","545.16","8.45","8.1","8.8","4.48","","","155","845","6228.1","6225.52"
"Jul 9, 2025 10:00am","Jul 9, 2025 4:00pm","SPX","Invalid date","ironbutterfly","long put 6,215 / short put 6,225 / short call 6,225 / long call 6,235","1","expired","-35","35","-100","965","2757.14","9.65","9.3","10","10","","","35","965","6264.12","6263.26"
"Jul 10, 2025 10:00am","Jul 10, 2025 4:00pm","SPX","Invalid date","ironbutterfly","long put 6,255 / short put 6,265 / short call 6,265 / long call 6,275","1","expired","-163","163","-100","837","513.5","8.37","8.1","8.65","10","","","163","837","6255.85","6280.46"
"Jul 11, 2025 10:00am","Jul 11, 2025 4:00pm","SPX","Invalid date","ironbutterfly","long put 6,270 / short put 6,280 / short call 6,280 / long call 6,290","1","expired","-113","113","-100","887","784.96","8.87","8.5","9.25","10","","","113","887","6254.21","6259.75"
"Jul 14, 2025 10:00am","Jul 14, 2025 4:00pm","SPX","Invalid date","ironbutterfly","long put 6,250 / short put 6,260 / short call 6,260 / long call 6,270","1","expired","-31","175","-17.71","825","471.43","8.25","8","8.5","8.56","","","175","825","6247.91","6268.56"
"Jul 15, 2025 10:00am","Jul 15, 2025 4:00pm","SPX","Invalid date","ironbutterfly","long put 6,260 / short put 6,270 / short call 6,270 / long call 6,280","1","expired","-140","140","-100","860","614.29","8.6","8.2","9","10","","","140","860","6277.99","6243.76"
"Jul 16, 2025 10:00am","Jul 16, 2025 4:00pm","SPX","Invalid date","ironbutterfly","long put 6,235 / short put 6,245 / short call 6,245 / long call 6,255","1","expired","-150","150","-100","850","566.67","8.5","8.2","8.8","10","","","150","850","6241.85","6263.7"
"Jul 17, 2025 10:00am","Jul 17, 2025 4:00pm","SPX","Invalid date","ironbutterfly","long put 6,255 / short put 6,265 / short call 6,265 / long call 6,275","1","expired","-128","128","-100","872","681.25","8.72","8.4","9.05","10","","","128","872","6278.97","6297.36"
"Jul 21, 2025 10:00am","Jul 21, 2025 4:00pm","SPX","Invalid date","ironbutterfly","long put 6,285 / short put 6,295 / short call 6,295 / long call 6,305","1","expired","-50","50","-100","950","1900","9.5","9","10","10","","","50","950","6326.1","6305.6"
"Jul 22, 2025 10:00am","Jul 22, 2025 4:00pm","SPX","Invalid date","ironbutterfly","long put 6,295 / short put 6,305 / short call 6,305 / long call 6,315","1","expired","388","150","258.67","850","566.67","8.5","8.15","8.85","4.62","","","150","850","6288.44","6309.62"
"Jul 23, 2025 10:00am","Jul 23, 2025 4:00pm","SPX","Invalid date","ironbutterfly","long put 6,300 / short put 6,310 / short call 6,310 / long call 6,320","1","expired","-150","150","-100","850","566.67","8.5","8.2","8.8","10","","","150","850","6320.62","6358.91"
"Jul 24, 2025 10:00am","Jul 24, 2025 4:00pm","SPX","Invalid date","ironbutterfly","long put 6,350 / short put 6,360 / short call 6,360 / long call 6,370","1","expired","525","140","375","860","614.29","8.6","8.3","8.9","3.35","","","140","860","6372.32","6363.35"
"Jul 25, 2025 10:00am","Jul 25, 2025 4:00pm","SPX","Invalid date","ironbutterfly","long put 6,355 / short put 6,365 / short call 6,365 / long call 6,375","1","expired","-175","175","-100","825","471.43","8.25","8","8.5","10","","","175","825","6372.99","6388.64"
"Jul 28, 2025 10:00am","Jul 28, 2025 4:00pm","SPX","Invalid date","ironbutterfly","long put 6,380 / short put 6,390 / short call 6,390 / long call 6,400","1","expired","792","185","428.11","815","440.54","8.15","7.9","8.4","0.23","","","185","815","6395.5","6389.77"
"Jul 30, 2025 10:00am","Jul 30, 2025 4:00pm","SPX","Invalid date","ironbutterfly","long put 6,360 / short put 6,370 / short call 6,370 / long call 6,380","1","expired","180","110","163.64","890","809.09","8.9","8.6","9.2","7.1","","","110","890","6377.61","6362.9"
"Jul 31, 2025 10:00am","Jul 31, 2025 4:00pm","SPX","Invalid date","ironbutterfly","long put 6,355 / short put 6,365 / short call 6,365 / long call 6,375","1","expired","-37","37","-100","963","2602.7","9.63","9.15","10.1","10","","","37","963","6413.37","6339.39"
"Aug 6, 2025 10:00am","Aug 6, 2025 4:00pm","SPX","Invalid date","ironbutterfly","long put 6,290 / short put 6,300 / short call 6,300 / long call 6,310","1","expired","-105","105","-100","895","852.38","8.95","8.6","9.3","10","","","105","895","6308.98","6345.06"
"Aug 7, 2025 10:00am","Aug 7, 2025 4:00pm","SPX","Invalid date","ironbutterfly","long put 6,335 / short put 6,345 / short call 6,345 / long call 6,355","1","expired","460","40","1150","960","2400","9.6","8.95","10.25","5","","","40","960","6384.07","6340"
"Aug 11, 2025 10:00am","Aug 11, 2025 4:00pm","SPX","Invalid date","ironbutterfly","long put 6,380 / short put 6,390 / short call 6,390 / long call 6,400","1","expired","-165","165","-100","835","506.06","8.35","8.1","8.6","10","","","165","835","6395.59","6373.45"
"Aug 12, 2025 10:00am","Aug 12, 2025 4:00pm","SPX","Invalid date","ironbutterfly","long put 6,365 / short put 6,375 / short call 6,375 / long call 6,385","1","expired","-85","85","-100","915","1076.47","9.15","8.7","9.6","10","","","85","915","6391.27","6445.76"
"Aug 13, 2025 10:00am","Aug 13, 2025 4:00pm","SPX","Invalid date","ironbutterfly","long put 6,435 / short put 6,445 / short call 6,445 / long call 6,455","1","expired","-62","62","-100","938","1512.9","9.38","9.05","9.7","10","","","62","938","6474.33","6466.58"
"Aug 14, 2025 10:00am","Aug 14, 2025 4:00pm","SPX","Invalid date","ironbutterfly","long put 6,455 / short put 6,465 / short call 6,465 / long call 6,475","1","expired","481","165","291.52","835","506.06","8.35","8.1","8.6","3.54","","","165","835","6458.54","6468.54"
"Aug 18, 2025 10:00am","Aug 18, 2025 4:00pm","SPX","Invalid date","ironbutterfly","long put 6,440 / short put 6,450 / short call 6,450 / long call 6,460","1","expired","730","185","394.59","815","440.54","8.15","7.85","8.45","0.85","","","185","815","6443.88","6449.15"
"Aug 19, 2025 10:00am","Aug 19, 2025 4:00pm","SPX","Invalid date","ironbutterfly","long put 6,440 / short put 6,450 / short call 6,450 / long call 6,460","1","expired","-218","218","-100","782","358.72","7.82","7.55","8.1","10","","","218","782","6444.36","6411.37"
"Aug 20, 2025 10:00am","Aug 20, 2025 4:00pm","SPX","Invalid date","ironbutterfly","long put 6,400 / short put 6,410 / short call 6,410 / long call 6,420","1","expired","-72","72","-100","928","1288.89","9.28","8.55","10","10","","","72","928","6367.9","6395.78"
"Aug 21, 2025 10:00am","Aug 21, 2025 4:00pm","SPX","Invalid date","ironbutterfly","long put 6,385 / short put 6,395 / short call 6,395 / long call 6,405","1","expired","-98","98","-100","902","920.41","9.02","8.4","9.65","10","","","98","902","6365.03","6370.17"
"Aug 25, 2025 10:00am","Aug 25, 2025 4:00pm","SPX","Invalid date","ironbutterfly","long put 6,455 / short put 6,465 / short call 6,465 / long call 6,475","1","expired","-218","218","-100","782","358.72","7.82","7.5","8.15","10","","","218","782","6458.22","6439.32"
"Aug 26, 2025 10:00am","Aug 26, 2025 4:00pm","SPX","Invalid date","ironbutterfly","long put 6,430 / short put 6,440 / short call 6,440 / long call 6,450","1","expired","-190","190","-100","810","426.32","8.1","7.7","8.5","10","","","190","810","6439.31","6465.94"
"Aug 27, 2025 10:00am","Aug 27, 2025 4:00pm","SPX","Invalid date","ironbutterfly","long put 6,455 / short put 6,465 / short call 6,465 / long call 6,475","1","expired","-210","210","-100","790","376.19","7.9","7.7","8.1","10","","","210","790","6468.24","6481.4"
"Aug 28, 2025 10:00am","Aug 28, 2025 4:00pm","SPX","Invalid date","ironbutterfly","long put 6,470 / short put 6,480 / short call 6,480 / long call 6,490","1","expired","-145","145","-100","855","589.66","8.55","8.1","9","10","","","145","855","6474.42","6501.86"
"Sep 5, 2025 10:00am","Sep 5, 2025 4:00pm","SPX","Invalid date","ironbutterfly","long put 6,490 / short put 6,500 / short call 6,500 / long call 6,510","1","expired","-80","80","-100","920","1150","9.2","8.8","9.6","10","","","80","920","6520.8","6481.5"
"Sep 8, 2025 10:00am","Sep 8, 2025 4:00pm","SPX","Invalid date","ironbutterfly","long put 6,470 / short put 6,480 / short call 6,480 / long call 6,490","1","expired","-133","133","-100","867","651.88","8.67","8.4","8.95","10","","","133","867","6494.04","6495.15"
"Sep 9, 2025 10:00am","Sep 9, 2025 4:00pm","SPX","Invalid date","ironbutterfly","long put 6,485 / short put 6,495 / short call 6,495 / long call 6,505","1","expired","-140","140","-100","860","614.29","8.6","8.2","9","10","","","140","860","6500.52","6512.61"
"Sep 10, 2025 10:00am","Sep 10, 2025 4:00pm","SPX","Invalid date","ironbutterfly","long put 6,505 / short put 6,515 / short call 6,515 / long call 6,525","1","expired","-53","53","-100","947","1786.79","9.47","9.1","9.85","10","","","53","947","6546.37","6532.04"
"Sep 11, 2025 10:00am","Sep 11, 2025 4:00pm","SPX","Invalid date","ironbutterfly","long put 6,520 / short put 6,530 / short call 6,530 / long call 6,540","1","expired","-48","48","-100","952","1983.33","9.52","9.05","10","10","","","48","952","6565.35","6587.47"
"Sep 12, 2025 10:00am","Sep 12, 2025 4:00pm","SPX","Invalid date","ironbutterfly","long put 6,575 / short put 6,585 / short call 6,585 / long call 6,595","1","expired","749","180","416.11","820","455.56","8.2","7.4","9","0.71","","","180","820","6590.7","6584.29"
"Sep 15, 2025 10:00am","Sep 15, 2025 4:00pm","SPX","Invalid date","ironbutterfly","long put 6,575 / short put 6,585 / short call 6,585 / long call 6,595","1","expired","-45","45","-100","955","2122.22","9.55","9.2","9.9","10","","","45","955","6615.94","6615.28"
"Sep 16, 2025 10:00am","Sep 16, 2025 4:00pm","SPX","Invalid date","ironbutterfly","long put 6,605 / short put 6,615 / short call 6,615 / long call 6,625","1","expired","-39","215","-18.14","785","365.12","7.85","7.6","8.1","8.24","","","215","785","6610.42","6606.76"
"Sep 17, 2025 10:00am","Sep 17, 2025 4:00pm","SPX","Invalid date","ironbutterfly","long put 6,595 / short put 6,605 / short call 6,605 / long call 6,615","1","expired","455","80","568.75","920","1150","9.2","8.9","9.5","4.65","","","80","920","6606.09","6600.35"
"Sep 18, 2025 10:00am","Sep 18, 2025 4:00pm","SPX","Invalid date","ironbutterfly","long put 6,590 / short put 6,600 / short call 6,600 / long call 6,610","1","expired","-73","73","-100","927","1269.86","9.27","8.9","9.65","10","","","73","927","6628.91","6631.96"
"Sep 19, 2025 10:00am","Sep 19, 2025 4:00pm","SPX","Invalid date","ironbutterfly","long put 6,620 / short put 6,630 / short call 6,630 / long call 6,640","1","expired","-98","98","-100","902","920.41","9.02","8.75","9.3","10","","","98","902","6647.4","6664.36"
"Sep 22, 2025 10:00am","Sep 22, 2025 4:00pm","SPX","Invalid date","ironbutterfly","long put 6,655 / short put 6,665 / short call 6,665 / long call 6,675","1","expired","-258","258","-100","742","287.6","7.42","7.2","7.65","10","","","258","742","6660.49","6693.75"
"Sep 23, 2025 10:00am","Sep 23, 2025 4:00pm","SPX","Invalid date","ironbutterfly","long put 6,685 / short put 6,695 / short call 6,695 / long call 6,705","1","expired","-205","205","-100","795","387.8","7.95","7.6","8.3","10","","","205","795","6695.05","6656.92"
"Sep 24, 2025 10:00am","Sep 24, 2025 4:00pm","SPX","Invalid date","ironbutterfly","long put 6,645 / short put 6,655 / short call 6,655 / long call 6,665","1","expired","-155","155","-100","845","545.16","8.45","8.2","8.7","10","","","155","845","6656.38","6637.97"
"Sep 29, 2025 10:00am","Sep 29, 2025 4:00pm","SPX","Invalid date","ironbutterfly","long put 6,635 / short put 6,645 / short call 6,645 / long call 6,655","1","expired","-58","58","-100","942","1624.14","9.42","8.85","10","10","","","58","942","6670.92","6661.21"
"Oct 2, 2025 10:00am","Oct 2, 2025 4:00pm","SPX","Invalid date","ironbutterfly","long put 6,700 / short put 6,710 / short call 6,710 / long call 6,720","1","expired","320","145","220.69","855","589.66","8.55","8.2","8.9","5.35","","","145","855","6720.48","6715.35"
"Oct 3, 2025 10:00am","Oct 3, 2025 4:00pm","SPX","Invalid date","ironbutterfly","long put 6,705 / short put 6,715 / short call 6,715 / long call 6,725","1","expired","836","85","983.53","915","1076.47","9.15","8.3","10","0.79","","","85","915","6731.63","6715.79"
"Oct 6, 2025 10:00am","Oct 6, 2025 4:00pm","SPX","Invalid date","ironbutterfly","long put 6,705 / short put 6,715 / short call 6,715 / long call 6,725","1","expired","-155","155","-100","845","545.16","8.45","8.1","8.8","10","","","155","845","6723.21","6740.28"
"Oct 7, 2025 10:00am","Oct 7, 2025 4:00pm","SPX","Invalid date","ironbutterfly","long put 6,730 / short put 6,740 / short call 6,740 / long call 6,750","1","expired","-170","170","-100","830","488.24","8.3","8","8.6","10","","","170","830","6745.76","6714.59"
"Oct 8, 2025 10:00am","Oct 8, 2025 4:00pm","SPX","Invalid date","ironbutterfly","long put 6,705 / short put 6,715 / short call 6,715 / long call 6,725","1","expired","-120","120","-100","880","733.33","8.8","8.5","9.1","10","","","120","880","6726.55","6753.72"
"Oct 9, 2025 10:00am","Oct 9, 2025 4:00pm","SPX","Invalid date","ironbutterfly","long put 6,745 / short put 6,755 / short call 6,755 / long call 6,765","1","expired","-178","178","-100","822","461.8","8.22","7.95","8.5","10","","","178","822","6742.29","6735.11"
"Oct 14, 2025 10:00am","Oct 14, 2025 4:00pm","SPX","Invalid date","ironbutterfly","long put 6,645 / short put 6,655 / short call 6,655 / long call 6,665","1","expired","-37","37","-100","963","2602.7","9.63","9","10.25","10","","","37","963","6590.29","6644.31"
"Oct 16, 2025 10:00am","Oct 16, 2025 4:00pm","SPX","Invalid date","ironbutterfly","long put 6,660 / short put 6,670 / short call 6,670 / long call 6,680","1","expired","-65","65","-100","935","1438.46","9.35","8.9","9.8","10","","","65","935","6688.12","6629.07"
"Oct 17, 2025 10:00am","Oct 17, 2025 4:00pm","SPX","Invalid date","ironbutterfly","long put 6,620 / short put 6,630 / short call 6,630 / long call 6,640","1","expired","-55","55","-100","945","1718.18","9.45","9.1","9.8","10","","","55","945","6628.33","6664.01"
"Oct 21, 2025 10:00am","Oct 21, 2025 4:00pm","SPX","Invalid date","ironbutterfly","long put 6,725 / short put 6,735 / short call 6,735 / long call 6,745","1","expired","815","150","543.33","850","566.67","8.5","8.2","8.8","0.35","","","150","850","6727.98","6735.35"
"Oct 23, 2025 10:00am","Oct 23, 2025 4:00pm","SPX","Invalid date","ironbutterfly","long put 6,690 / short put 6,700 / short call 6,700 / long call 6,710","1","expired","-65","65","-100","935","1438.46","9.35","9","9.7","10","","","65","935","6722.12","6738.44"
"Oct 28, 2025 10:00am","Oct 28, 2025 4:00pm","SPX","Invalid date","ironbutterfly","long put 6,865 / short put 6,875 / short call 6,875 / long call 6,885","1","expired","-150","150","-100","850","566.67","8.5","8.1","8.9","10","","","150","850","6878.74","6890.89"
"Oct 29, 2025 10:00am","Oct 29, 2025 4:00pm","SPX","Invalid date","ironbutterfly","long put 6,880 / short put 6,890 / short call 6,890 / long call 6,900","1","expired","881","60","1468.33","940","1566.67","9.4","9.1","9.7","0.59","","","60","940","6919.75","6890.59"
"Oct 30, 2025 10:00am","Oct 30, 2025 4:00pm","SPX","Invalid date","ironbutterfly","long put 6,880 / short put 6,890 / short call 6,890 / long call 6,900","1","expired","-105","105","-100","895","852.38","8.95","8.5","9.4","10","","","105","895","6871.89","6822.34"
"Oct 31, 2025 10:00am","Oct 31, 2025 4:00pm","SPX","Invalid date","ironbutterfly","long put 6,810 / short put 6,820 / short call 6,820 / long call 6,830","1","expired","-50","50","-100","950","1900","9.5","9.2","9.8","10","","","50","950","6855.06","6840.2"
"Nov 3, 2025 10:00am","Nov 3, 2025 4:00pm","SPX","Invalid date","ironbutterfly","long put 6,830 / short put 6,840 / short call 6,840 / long call 6,850","1","expired","-100","100","-100","900","900","9","8","10","10","","","100","900","6846.3","6851.97"
"Nov 4, 2025 10:00am","Nov 4, 2025 4:00pm","SPX","Invalid date","ironbutterfly","long put 6,840 / short put 6,850 / short call 6,850 / long call 6,860","1","expired","-110","110","-100","890","809.09","8.9","7.9","9.9","10","","","110","890","6808.96","6771.55"
"Nov 6, 2025 10:00am","Nov 6, 2025 4:00pm","SPX","Invalid date","ironbutterfly","long put 6,785 / short put 6,795 / short call 6,795 / long call 6,805","1","expired","-85","85","-100","915","1076.47","9.15","8.7","9.6","10","","","85","915","6761.92","6720.32"
"Nov 11, 2025 10:00am","Nov 11, 2025 4:00pm","SPX","Invalid date","ironbutterfly","long put 6,820 / short put 6,830 / short call 6,830 / long call 6,840","1","expired","-150","150","-100","850","566.67","8.5","8.2","8.8","10","","","150","850","6827.31","6846.61"
"Nov 12, 2025 10:00am","Nov 12, 2025 4:00pm","SPX","Invalid date","ironbutterfly","long put 6,835 / short put 6,845 / short call 6,845 / long call 6,855","1","expired","308","100","308","900","900","9","8.6","9.4","5.92","","","100","900","6857.53","6850.92"
"Nov 13, 2025 10:00am","Nov 13, 2025 4:00pm","SPX","Invalid date","ironbutterfly","long put 6,840 / short put 6,850 / short call 6,850 / long call 6,860","1","expired","-75","75","-100","925","1233.33","9.25","8.7","9.8","10","","","75","925","6807.08","6737.49"
"Nov 14, 2025 10:00am","Nov 14, 2025 4:00pm","SPX","Invalid date","ironbutterfly","long put 6,725 / short put 6,735 / short call 6,735 / long call 6,745","1","expired","841","70","1201.43","930","1328.57","9.3","8.9","9.7","0.89","","","70","930","6703.83","6734.11"
"Nov 17, 2025 10:00am","Nov 17, 2025 4:00pm","SPX","Invalid date","ironbutterfly","long put 6,725 / short put 6,735 / short call 6,735 / long call 6,745","1","expired","-75","75","-100","925","1233.33","9.25","9","9.5","10","","","75","925","6745.04","6672.41"
"Nov 24, 2025 10:00am","Nov 24, 2025 4:00pm","SPX","Invalid date","ironbutterfly","long put 6,595 / short put 6,605 / short call 6,605 / long call 6,615","1","expired","-35","35","-100","965","2757.14","9.65","8.9","10.4","10","","","35","965","6656.97","6705.12"
"Nov 25, 2025 10:00am","Nov 25, 2025 4:00pm","SPX","Invalid date","ironbutterfly","long put 6,695 / short put 6,705 / short call 6,705 / long call 6,715","1","expired","-95","95","-100","905","952.63","9.05","8.5","9.6","10","","","95","905","6704.6","6765.88"
"Nov 26, 2025 10:00am","Nov 26, 2025 4:00pm","SPX","Invalid date","ironbutterfly","long put 6,755 / short put 6,765 / short call 6,765 / long call 6,775","1","expired","-75","75","-100","925","1233.33","9.25","8.8","9.7","10","","","75","925","6789.67","6812.61"
"Dec 2, 2025 10:00am","Dec 2, 2025 4:00pm","SPX","Invalid date","ironbutterfly","long put 6,805 / short put 6,815 / short call 6,815 / long call 6,825","1","expired","-80","80","-100","920","1150","9.2","8.8","9.6","10","","","80","920","6837.58","6829.37"
"Dec 4, 2025 10:00am","Dec 4, 2025 4:00pm","SPX","Invalid date","ironbutterfly","long put 6,840 / short put 6,850 / short call 6,850 / long call 6,860","1","expired","168","120","140","880","733.33","8.8","8.4","9.2","7.12","","","120","880","6842.92","6857.12"
"Dec 5, 2025 10:00am","Dec 5, 2025 4:00pm","SPX","Invalid date","ironbutterfly","long put 6,845 / short put 6,855 / short call 6,855 / long call 6,865","1","expired","-60","60","-100","940","1566.67","9.4","8.5","10.3","10","","","60","940","6882.61","6870.4"
"Dec 8, 2025 10:00am","Dec 8, 2025 4:00pm","SPX","Invalid date","ironbutterfly","long put 6,860 / short put 6,870 / short call 6,870 / long call 6,880","1","expired","-150","150","-100","850","566.67","8.5","8.2","8.8","10","","","150","850","6866.69","6846.51"
"Dec 9, 2025 10:00am","Dec 9, 2025 4:00pm","SPX","Invalid date","ironbutterfly","long put 6,835 / short put 6,845 / short call 6,845 / long call 6,855","1","expired","421","130","323.85","870","669.23","8.7","8","9.4","4.49","","","130","870","6856.42","6840.51"
"Dec 10, 2025 10:00am","Dec 10, 2025 4:00pm","SPX","Invalid date","ironbutterfly","long put 6,830 / short put 6,840 / short call 6,840 / long call 6,850","1","expired","-80","80","-100","920","1150","9.2","8.9","9.5","10","","","80","920","6841.94","6886.68"
"Dec 12, 2025 10:00am","Dec 12, 2025 4:00pm","SPX","Invalid date","ironbutterfly","long put 6,890 / short put 6,900 / short call 6,900 / long call 6,910","1","expired","-135","135","-100","865","640.74","8.65","8.3","9","10","","","135","865","6886.13","6827.41"
"Dec 15, 2025 10:00am","Dec 15, 2025 4:00pm","SPX","Invalid date","ironbutterfly","long put 6,815 / short put 6,825 / short call 6,825 / long call 6,835","1","expired","46","105","43.81","895","852.38","8.95","8.6","9.3","8.49","","","105","895","6833.16","6816.51"
"Dec 16, 2025 10:00am","Dec 16, 2025 4:00pm","SPX","Invalid date","ironbutterfly","long put 6,805 / short put 6,815 / short call 6,815 / long call 6,825","1","expired","-85","85","-100","915","1076.47","9.15","8.8","9.5","10","","","85","915","6817.52","6800.26"
"Dec 17, 2025 10:00am","Dec 17, 2025 4:00pm","SPX","Invalid date","ironbutterfly","long put 6,790 / short put 6,800 / short call 6,800 / long call 6,810","1","expired","-95","95","-100","905","952.63","9.05","8.7","9.4","10","","","95","905","6800.17","6721.43"
"Dec 22, 2025 10:00am","Dec 22, 2025 4:00pm","SPX","Invalid date","ironbutterfly","long put 6,825 / short put 6,835 / short call 6,835 / long call 6,845","1","expired","-38","38","-100","962","2531.58","9.62","9","10.25","10","","","38","962","6868.14","6878.49"
"Dec 23, 2025 10:00am","Dec 23, 2025 4:00pm","SPX","Invalid date","ironbutterfly","long put 6,870 / short put 6,880 / short call 6,880 / long call 6,890","1","expired","-195","195","-100","805","412.82","8.05","7.7","8.4","10","","","195","805","6882.21","6909.79"
"Dec 26, 2025 10:00am","Dec 26, 2025 4:00pm","SPX","Invalid date","ironbutterfly","long put 6,920 / short put 6,930 / short call 6,930 / long call 6,940","1","expired","814","180","452.22","820","455.56","8.2","7.9","8.5","0.06","","","180","820","6935.87","6929.94"
"Dec 29, 2025 10:00am","Dec 29, 2025 4:00pm","SPX","Invalid date","ironbutterfly","long put 6,920 / short put 6,930 / short call 6,930 / long call 6,940","1","expired","-108","108","-100","892","825.93","8.92","8.45","9.4","10","","","108","892","6903.63","6905.74"
"Dec 30, 2025 10:00am","Dec 30, 2025 4:00pm","SPX","Invalid date","ironbutterfly","long put 6,895 / short put 6,905 / short call 6,905 / long call 6,915","1","expired","-61","185","-32.97","815","440.54","8.15","7.9","8.4","8.76","","","185","815","6909.45","6896.24"
"Dec 31, 2025 10:00am","Dec 31, 2025 4:00pm","SPX","Invalid date","ironbutterfly","long put 6,885 / short put 6,895 / short call 6,895 / long call 6,905","1","expired","-170","170","-100","830","488.24","8.3","8","8.6","10","","","170","830","6886.49","6845.5"
"Jan 2, 2026 10:00am","Jan 2, 2026 4:00pm","SPX","Invalid date","ironbutterfly","long put 6,835 / short put 6,845 / short call 6,845 / long call 6,855","1","expired","-50","50","-100","950","1900","9.5","8.7","10.3","10","","","50","950","6887.91","6858.47"
"Jan 6, 2026 10:00am","Jan 6, 2026 4:00pm","SPX","Invalid date","ironbutterfly","long put 6,890 / short put 6,900 / short call 6,900 / long call 6,910","1","expired","-48","48","-100","952","1983.33","9.52","9.05","10","10","","","48","952","6927.23","6944.82"
"Jan 7, 2026 10:00am","Jan 7, 2026 4:00pm","SPX","Invalid date","ironbutterfly","long put 6,935 / short put 6,945 / short call 6,945 / long call 6,955","1","expired","-160","160","-100","840","525","8.4","7.4","9.4","10","","","160","840","6951.22","6920.93"
"Jan 8, 2026 10:00am","Jan 8, 2026 4:00pm","SPX","Invalid date","ironbutterfly","long put 6,910 / short put 6,920 / short call 6,920 / long call 6,930","1","expired","709","145","488.97","855","589.66","8.55","8.1","9","1.46","","","145","855","6906.9","6921.46"
"Jan 12, 2026 10:00am","Jan 12, 2026 4:00pm","SPX","Invalid date","ironbutterfly","long put 6,955 / short put 6,965 / short call 6,965 / long call 6,975","1","expired","-195","195","-100","805","412.82","8.05","7.7","8.4","10","","","195","805","6962.56","6977.27"
"Jan 13, 2026 10:00am","Jan 13, 2026 4:00pm","SPX","Invalid date","ironbutterfly","long put 6,965 / short put 6,975 / short call 6,975 / long call 6,985","1","expired","-150","150","-100","850","566.67","8.5","8.1","8.9","10","","","150","850","6967.16","6963.74"
"Jan 15, 2026 10:00am","Jan 15, 2026 4:00pm","SPX","Invalid date","ironbutterfly","long put 6,915 / short put 6,925 / short call 6,925 / long call 6,935","1","expired","-48","48","-100","952","1983.33","9.52","8.85","10.2","10","","","48","952","6960.81","6944.47"
"Jan 16, 2026 10:00am","Jan 16, 2026 4:00pm","SPX","Invalid date","ironbutterfly","long put 6,935 / short put 6,945 / short call 6,945 / long call 6,955","1","expired","371","130","285.38","870","669.23","8.7","8.4","9","4.99","","","130","870","6943.47","6940.01"
"Jan 22, 2026 10:00am","Jan 22, 2026 4:00pm","SPX","Invalid date","ironbutterfly","long put 6,865 / short put 6,875 / short call 6,875 / long call 6,885","1","expired","-70","70","-100","930","1328.57","9.3","8.7","9.9","10","","","70","930","6903.43","6913.35"
"Jan 26, 2026 10:00am","Jan 26, 2026 4:00pm","SPX","Invalid date","ironbutterfly","long put 6,905 / short put 6,915 / short call 6,915 / long call 6,925","1","expired","-43","43","-100","957","2225.58","9.57","9.15","10","10","","","43","957","6945.28","6950.23"
"Jan 27, 2026 10:00am","Jan 27, 2026 4:00pm","SPX","Invalid date","ironbutterfly","long put 6,940 / short put 6,950 / short call 6,950 / long call 6,960","1","expired","-65","65","-100","935","1438.46","9.35","8.8","9.9","10","","","65","935","6975.61","6978.6"
"Jan 28, 2026 10:00am","Jan 28, 2026 4:00pm","SPX","Invalid date","ironbutterfly","long put 6,970 / short put 6,980 / short call 6,980 / long call 6,990","1","expired","713","90","792.22","910","1011.11","9.1","8.8","9.4","1.97","","","90","910","6994.7","6978.03"
"Jan 29, 2026 10:00am","Jan 29, 2026 4:00pm","SPX","Invalid date","ironbutterfly","long put 6,970 / short put 6,980 / short call 6,980 / long call 6,990","1","expired","-83","83","-100","917","1104.82","9.17","8.3","10.05","10","","","83","917","6937.54","6969.01"
"Jan 30, 2026 10:00am","Jan 30, 2026 4:00pm","SPX","Invalid date","ironbutterfly","long put 6,960 / short put 6,970 / short call 6,970 / long call 6,980","1","expired","-90","90","-100","910","1011.11","9.1","8.5","9.7","10","","","90","910","6940.62","6939.03"
"Feb 3, 2026 10:00am","Feb 3, 2026 4:00pm","SPX","Invalid date","ironbutterfly","long put 6,965 / short put 6,975 / short call 6,975 / long call 6,985","1","expired","-130","130","-100","870","669.23","8.7","8.2","9.2","10","","","130","870","6955.9","6917.81"
"Feb 9, 2026 10:00am","Feb 9, 2026 4:00pm","SPX","Invalid date","ironbutterfly","long put 6,920 / short put 6,930 / short call 6,930 / long call 6,940","1","expired","-110","110","-100","890","809.09","8.9","8.6","9.2","10","","","110","890","6924.94","6964.82"
"Feb 10, 2026 10:00am","Feb 10, 2026 4:00pm","SPX","Invalid date","ironbutterfly","long put 6,955 / short put 6,965 / short call 6,965 / long call 6,975","1","expired","-95","95","-100","905","952.63","9.05","8.7","9.4","10","","","95","905","6978.38","6941.81"
"Feb 11, 2026 10:00am","Feb 11, 2026 4:00pm","SPX","Invalid date","ironbutterfly","long put 6,930 / short put 6,940 / short call 6,940 / long call 6,950","1","expired","783","70","1118.57","930","1328.57","9.3","8.9","9.7","1.47","","","70","930","6961.26","6941.47"
"Feb 12, 2026 10:00am","Feb 12, 2026 4:00pm","SPX","Invalid date","ironbutterfly","long put 6,930 / short put 6,940 / short call 6,940 / long call 6,950","1","expired","-95","95","-100","905","952.63","9.05","8.7","9.4","10","","","95","905","6949.47","6832.76"
"Feb 13, 2026 10:00am","Feb 13, 2026 4:00pm","SPX","Invalid date","ironbutterfly","long put 6,825 / short put 6,835 / short call 6,835 / long call 6,845","1","expired","828","55","1505.45","945","1718.18","9.45","8.9","10","1.17","","","55","945","6817.69","6836.17"
"Feb 18, 2026 10:00am","Feb 18, 2026 4:00pm","SPX","Invalid date","ironbutterfly","long put 6,835 / short put 6,845 / short call 6,845 / long call 6,855","1","expired","-40","40","-100","960","2400","9.6","9.1","10.1","10","","","40","960","6880.7","6881.31"
"Feb 19, 2026 10:00am","Feb 19, 2026 4:00pm","SPX","Invalid date","ironbutterfly","long put 6,870 / short put 6,880 / short call 6,880 / long call 6,890","1","expired","-85","85","-100","915","1076.47","9.15","8.7","9.6","10","","","85","915","6867.32","6861.89"
"Feb 23, 2026 10:00am","Feb 23, 2026 4:00pm","SPX","Invalid date","ironbutterfly","long put 6,900 / short put 6,910 / short call 6,910 / long call 6,920","1","expired","-85","85","-100","915","1076.47","9.15","8.6","9.7","10","","","85","915","6881.35","6837.75"
"Feb 24, 2026 10:00am","Feb 24, 2026 4:00pm","SPX","Invalid date","ironbutterfly","long put 6,830 / short put 6,840 / short call 6,840 / long call 6,850","1","expired","-75","75","-100","925","1233.33","9.25","8.6","9.9","10","","","75","925","6847.27","6890.07"
"Feb 26, 2026 10:00am","Feb 26, 2026 4:00pm","SPX","Invalid date","ironbutterfly","long put 6,935 / short put 6,945 / short call 6,945 / long call 6,955","1","expired","-105","105","-100","895","852.38","8.95","8.5","9.4","10","","","105","895","6922.89","6908.86"
"Mar 5, 2026 10:00am","Mar 5, 2026 4:00pm","SPX","Invalid date","ironbutterfly","long put 6,860 / short put 6,870 / short call 6,870 / long call 6,880","1","expired","-105","105","-100","895","852.38","8.95","8.7","9.2","10","","","105","895","6865.87","6830.71"
"Mar 10, 2026 10:00am","Mar 10, 2026 4:00pm","SPX","Invalid date","ironbutterfly","long put 6,785 / short put 6,795 / short call 6,795 / long call 6,805","1","expired","-75","75","-100","925","1233.33","9.25","8.8","9.7","10","","","75","925","6771.31","6781.48"
"Mar 11, 2026 10:00am","Mar 11, 2026 4:00pm","SPX","Invalid date","ironbutterfly","long put 6,770 / short put 6,780 / short call 6,780 / long call 6,790","1","expired","510","70","728.57","930","1328.57","9.3","8.9","9.7","4.2","","","70","930","6790.7","6775.8"
"Mar 18, 2026 10:00am","Mar 18, 2026 4:00pm","SPX","Invalid date","ironbutterfly","long put 6,705 / short put 6,715 / short call 6,715 / long call 6,725","1","expired","-90","90","-100","910","1011.11","9.1","8.5","9.7","10","","","90","910","6702.27","6624.7"
"Mar 19, 2026 10:00am","Mar 19, 2026 4:00pm","SPX","Invalid date","ironbutterfly","long put 6,615 / short put 6,625 / short call 6,625 / long call 6,635","1","expired","-70","70","-100","930","1328.57","9.3","8.5","10.1","10","","","70","930","6594.14","6606.49"
"Mar 20, 2026 10:00am","Mar 20, 2026 4:00pm","SPX","Invalid date","ironbutterfly","long put 6,595 / short put 6,605 / short call 6,605 / long call 6,615","1","expired","-45","45","-100","955","2122.22","9.55","8.8","10.3","10","","","45","955","6558.46","6506.48"
"Mar 24, 2026 10:00am","Mar 24, 2026 4:00pm","SPX","Invalid date","ironbutterfly","long put 6,570 / short put 6,580 / short call 6,580 / long call 6,590","1","expired","-65","65","-100","935","1438.46","9.35","8.5","10.2","10","","","65","935","6540.5","6556.37"